{
  "meta": {
    "$_GET": [
      {
        "type": "text",
        "name": "project_code"
      },
      {
        "type": "text",
        "name": "survey_code"
      },
      {
        "type": "text",
        "name": "lang"
      },
      {
        "type": "text",
        "name": "sort"
      },
      {
        "type": "text",
        "name": "dir"
      }
    ]
  },
  "exec": {
    "steps": [
      {
        "name": "query",
        "module": "dbconnector",
        "action": "single",
        "options": {
          "connection": "appdb01",
          "sql": {
            "type": "select",
            "columns": [
              {
                "table": "question_attributes",
                "column": "attribute_value"
              }
            ],
            "params": [
              {
                "operator": "equal",
                "type": "expression",
                "name": ":P1",
                "value": "{{$_GET.project_code}}",
                "test": ""
              },
              {
                "operator": "equal",
                "type": "expression",
                "name": ":P2",
                "value": "{{$_GET.survey_code}}",
                "test": ""
              }
            ],
            "table": {
              "name": "question_attributes"
            },
            "primary": "id",
            "joins": [],
            "wheres": {
              "condition": "AND",
              "rules": [
                {
                  "id": "question_attributes.project_code",
                  "field": "question_attributes.project_code",
                  "type": "string",
                  "operator": "equal",
                  "value": "{{$_GET.project_code}}",
                  "data": {
                    "table": "question_attributes",
                    "column": "project_code",
                    "type": "text",
                    "columnObj": {
                      "type": "string",
                      "default": "",
                      "maxLength": 80,
                      "primary": false,
                      "nullable": true,
                      "name": "project_code"
                    }
                  },
                  "operation": "="
                },
                {
                  "id": "question_attributes.survey_code",
                  "field": "question_attributes.survey_code",
                  "type": "string",
                  "operator": "equal",
                  "value": "{{$_GET.survey_code}}",
                  "data": {
                    "table": "question_attributes",
                    "column": "survey_code",
                    "type": "text",
                    "columnObj": {
                      "type": "string",
                      "default": "",
                      "maxLength": 80,
                      "primary": false,
                      "nullable": true,
                      "name": "survey_code"
                    }
                  },
                  "operation": "="
                },
                {
                  "id": "question_attributes.attribute_name",
                  "field": "question_attributes.attribute_name",
                  "type": "string",
                  "operator": "equal",
                  "value": "startpage",
                  "data": {
                    "table": "question_attributes",
                    "column": "attribute_name",
                    "type": "text",
                    "columnObj": {
                      "type": "string",
                      "default": "",
                      "maxLength": 80,
                      "primary": false,
                      "nullable": true,
                      "name": "attribute_name"
                    }
                  },
                  "operation": "="
                }
              ],
              "conditional": null,
              "valid": true
            },
            "query": "select `attribute_value` from `question_attributes` where `question_attributes`.`project_code` = ? and `question_attributes`.`survey_code` = ? and `question_attributes`.`attribute_name` = ?"
          }
        },
        "meta": [
          {
            "type": "text",
            "name": "attribute_value"
          }
        ],
        "outputType": "object"
      },
      {
        "name": "startpage",
        "module": "core",
        "action": "setvalue",
        "options": {
          "value": "{{query.attribute_value}}"
        },
        "meta": [],
        "outputType": "text",
        "output": true
      },
      {
        "name": "queryAttributes",
        "module": "dbconnector",
        "action": "select",
        "options": {
          "connection": "appdb01",
          "sql": {
            "type": "select",
            "sort": "",
            "dir": "",
            "columns": [
              {
                "table": "question_attributes",
                "column": "*"
              }
            ],
            "params": [
              {
                "operator": "equal",
                "type": "expression",
                "name": ":P1",
                "value": "{{$_GET.project_code}}",
                "test": ""
              },
              {
                "operator": "equal",
                "type": "expression",
                "name": ":P2",
                "value": "{{$_GET.survey_code}}",
                "test": ""
              }
            ],
            "table": {
              "name": "question_attributes"
            },
            "joins": [],
            "primary": "id",
            "wheres": {
              "condition": "AND",
              "rules": [
                {
                  "id": "question_attributes.project_code",
                  "field": "question_attributes.project_code",
                  "type": "string",
                  "operator": "equal",
                  "value": "{{$_GET.project_code}}",
                  "data": {
                    "table": "question_attributes",
                    "column": "project_code",
                    "type": "text",
                    "columnObj": {
                      "type": "string",
                      "default": "",
                      "maxLength": 80,
                      "primary": false,
                      "nullable": true,
                      "name": "project_code"
                    }
                  },
                  "operation": "="
                },
                {
                  "id": "question_attributes.survey_code",
                  "field": "question_attributes.survey_code",
                  "type": "string",
                  "operator": "equal",
                  "value": "{{$_GET.survey_code}}",
                  "data": {
                    "table": "question_attributes",
                    "column": "survey_code",
                    "type": "text",
                    "columnObj": {
                      "type": "string",
                      "default": "",
                      "maxLength": 80,
                      "primary": false,
                      "nullable": true,
                      "name": "survey_code"
                    }
                  },
                  "operation": "="
                }
              ],
              "conditional": null,
              "valid": true
            },
            "query": "select * from `question_attributes` where `question_attributes`.`project_code` = ? and `question_attributes`.`survey_code` = ?"
          }
        },
        "output": false,
        "meta": [
          {
            "type": "number",
            "name": "id"
          },
          {
            "type": "text",
            "name": "project_code"
          },
          {
            "type": "text",
            "name": "survey_code"
          },
          {
            "type": "text",
            "name": "page_code"
          },
          {
            "type": "text",
            "name": "questionid"
          },
          {
            "type": "text",
            "name": "attribute_name"
          },
          {
            "type": "text",
            "name": "attribute_platform"
          },
          {
            "type": "text",
            "name": "attribute_value"
          }
        ],
        "outputType": "array"
      },
      {
        "name": "pages",
        "module": "survey",
        "action": "getSurvey",
        "options": {
          "data": "{{queryAttributes}}"
        },
        "output": true
      },
      {
        "name": "queryLabels",
        "module": "dbconnector",
        "action": "select",
        "options": {
          "connection": "appdb01",
          "sql": {
            "type": "select",
            "sort": "",
            "dir": "",
            "columns": [
              {
                "table": "survey_labels",
                "column": "*"
              }
            ],
            "params": [
              {
                "operator": "equal",
                "type": "expression",
                "name": ":P1",
                "value": "{{$_GET.project_code}}",
                "test": ""
              },
              {
                "operator": "equal",
                "type": "expression",
                "name": ":P2",
                "value": "{{$_GET.survey_code}}",
                "test": ""
              }
            ],
            "table": {
              "name": "survey_labels"
            },
            "primary": "id",
            "joins": [],
            "wheres": {
              "condition": "AND",
              "rules": [
                {
                  "id": "survey_labels.project_code",
                  "field": "survey_labels.project_code",
                  "type": "string",
                  "operator": "equal",
                  "value": "{{$_GET.project_code}}",
                  "data": {
                    "table": "survey_labels",
                    "column": "project_code",
                    "type": "text",
                    "columnObj": {
                      "type": "string",
                      "default": "",
                      "maxLength": 80,
                      "primary": false,
                      "nullable": true,
                      "name": "project_code"
                    }
                  },
                  "operation": "="
                },
                {
                  "id": "survey_labels.survey_code",
                  "field": "survey_labels.survey_code",
                  "type": "string",
                  "operator": "equal",
                  "value": "{{$_GET.survey_code}}",
                  "data": {
                    "table": "survey_labels",
                    "column": "survey_code",
                    "type": "text",
                    "columnObj": {
                      "type": "string",
                      "default": "",
                      "maxLength": 80,
                      "primary": false,
                      "nullable": true,
                      "name": "survey_code"
                    }
                  },
                  "operation": "="
                }
              ],
              "conditional": null,
              "valid": true
            },
            "query": "select * from `survey_labels` where `survey_labels`.`project_code` = ? and `survey_labels`.`survey_code` = ?"
          }
        },
        "meta": [
          {
            "type": "number",
            "name": "id"
          },
          {
            "type": "text",
            "name": "project_code"
          },
          {
            "type": "text",
            "name": "survey_code"
          },
          {
            "type": "text",
            "name": "page_code"
          },
          {
            "type": "text",
            "name": "questionid"
          },
          {
            "type": "text",
            "name": "label_name"
          },
          {
            "type": "text",
            "name": "platform"
          },
          {
            "type": "text",
            "name": "value_en"
          }
        ],
        "outputType": "array"
      },
      {
        "name": "labels",
        "module": "survey",
        "action": "getLabels",
        "options": {
          "data": "{{queryLabels}}",
          "lang": "{{$_GET.lang}}"
        },
        "output": true
      },
      {
        "name": "queryOptions",
        "module": "dbupdater",
        "action": "custom",
        "options": {
          "connection": "appdb01",
          "sql": {
            "query": "SELECT * FROM question_options WHERE project_code = :P1 AND survey_code = :P2 ORDER BY sequence;",
            "params": [
              {
                "name": ":P1",
                "value": "{{$_GET.project_code}}"
              },
              {
                "name": ":P2",
                "value": "{{$_GET.survey_code}}"
              }
            ]
          }
        },
        "output": false,
        "meta": [],
        "outputType": "array"
      },
      {
        "name": "options",
        "module": "survey",
        "action": "getOptions",
        "options": {
          "data": "{{queryOptions}}",
          "lang": "{{$_GET.lang}}"
        },
        "output": true
      }
    ]
  }
}