{
  "meta": {
    "$_POST": [
      {
        "type": "text",
        "options": {
          "rules": {}
        },
        "name": "project_id"
      },
      {
        "type": "text",
        "name": "is_active"
      },
      {
        "type": "text",
        "name": "token"
      }
    ]
  },
  "exec": {
    "steps": {
      "name": "",
      "module": "core",
      "action": "trycatch",
      "options": {
        "try": {
          "steps": [
            {
              "name": "verifyuser",
              "module": "core",
              "action": "exec",
              "options": {
                "exec": "jwtVerify",
                "params": {
                  "token": "{{$_POST.token}}"
                }
              }
            },
            {
              "name": "",
              "module": "core",
              "action": "condition",
              "options": {
                "if": "{{verifyuser.verifytoken.userid}}",
                "then": {
                  "steps": [
                    {
                      "name": "",
                      "module": "core",
                      "action": "exec",
                      "options": {
                        "exec": "db/transactionStart"
                      },
                      "output": false
                    },
                    {
                      "name": "updateproject",
                      "module": "dbupdater",
                      "action": "update",
                      "options": {
                        "connection": "appdb01",
                        "sql": {
                          "type": "update",
                          "values": [
                            {
                              "table": "projects",
                              "column": "is_active",
                              "type": "boolean",
                              "value": "{{$_POST.is_active}}"
                            }
                          ],
                          "table": "projects",
                          "wheres": {
                            "condition": "AND",
                            "rules": [
                              {
                                "id": "project_id",
                                "type": "double",
                                "operator": "equal",
                                "value": "{{$_POST.project_id}}",
                                "data": {
                                  "column": "project_id"
                                },
                                "operation": "="
                              }
                            ]
                          },
                          "returning": "project_id",
                          "query": "update `projects` set `is_active` = ? where `project_id` = ?",
                          "params": [
                            {
                              "name": ":P1",
                              "type": "expression",
                              "value": "{{$_POST.is_active}}",
                              "test": ""
                            },
                            {
                              "operator": "equal",
                              "type": "expression",
                              "name": ":P2",
                              "value": "{{$_POST.project_id}}",
                              "test": ""
                            }
                          ]
                        }
                      },
                      "meta": [
                        {
                          "name": "affected",
                          "type": "number"
                        }
                      ]
                    },
                    {
                      "name": "",
                      "module": "core",
                      "action": "condition",
                      "options": {
                        "if": "{{updateproject}}",
                        "then": {
                          "steps": [
                            {
                              "name": "",
                              "module": "core",
                              "action": "exec",
                              "options": {
                                "exec": "db/transactionCommit"
                              },
                              "output": false
                            },
                            {
                              "name": "message",
                              "module": "core",
                              "action": "setvalue",
                              "options": {
                                "value": "Project updated successfully."
                              },
                              "meta": [],
                              "outputType": "text",
                              "output": true
                            },
                            {
                              "name": "result",
                              "module": "core",
                              "action": "setvalue",
                              "options": {
                                "value": true
                              },
                              "meta": [],
                              "outputType": "text",
                              "output": true
                            }
                          ]
                        },
                        "else": {
                          "steps": [
                            {
                              "name": "message",
                              "module": "core",
                              "action": "setvalue",
                              "options": {
                                "value": "Error while updating record."
                              },
                              "meta": [],
                              "outputType": "text",
                              "output": true
                            },
                            {
                              "name": "result",
                              "module": "core",
                              "action": "setvalue",
                              "options": {
                                "value": false
                              },
                              "meta": [],
                              "outputType": "text",
                              "output": true
                            }
                          ]
                        }
                      },
                      "outputType": "boolean"
                    }
                  ]
                },
                "else": {
                  "steps": {
                    "name": "",
                    "module": "core",
                    "action": "response",
                    "options": {
                      "status": 401,
                      "data": "Unauthorized user."
                    },
                    "output": true
                  }
                }
              },
              "outputType": "boolean"
            }
          ]
        },
        "catch": {
          "steps": [
            {
              "name": "",
              "module": "core",
              "action": "exec",
              "options": {
                "exec": "db/transactionRollback"
              }
            },
            {
              "name": "message",
              "module": "core",
              "action": "setvalue",
              "options": {
                "value": "{{$_ERROR}}"
              },
              "meta": [],
              "outputType": "text",
              "output": true
            },
            {
              "name": "result",
              "module": "core",
              "action": "setvalue",
              "options": {
                "value": false
              },
              "meta": [],
              "outputType": "text",
              "output": true
            }
          ]
        }
      }
    }
  }
}