{
  "meta": {
    "$_POST": [
      {
        "type": "text",
        "options": {
          "rules": {}
        },
        "name": "project_name"
      },
      {
        "type": "text",
        "name": "project_description"
      },
      {
        "type": "text",
        "options": {
          "rules": {}
        },
        "name": "project_code"
      },
      {
        "type": "text",
        "name": "etc_project_number"
      },
      {
        "type": "number",
        "name": "start_year"
      },
      {
        "type": "text",
        "name": "client_name"
      },
      {
        "type": "text",
        "name": "project_status"
      },
      {
        "type": "text",
        "name": "project_timezone"
      },
      {
        "type": "boolean",
        "name": "is_active"
      },
      {
        "type": "text",
        "name": "projectdescription"
      },
      {
        "type": "text",
        "name": "token"
      },
      {
        "type": "number",
        "name": "created_by"
      }
    ]
  },
  "exec": {
    "steps": {
      "name": "",
      "module": "core",
      "action": "trycatch",
      "options": {
        "try": {
          "steps": [
            {
              "name": "verifyuser",
              "module": "core",
              "action": "exec",
              "options": {
                "exec": "jwtVerify",
                "params": {
                  "token": "{{$_POST.token}}"
                }
              },
              "output": false
            },
            {
              "name": "",
              "module": "core",
              "action": "condition",
              "options": {
                "if": "{{verifyuser.verifytoken.userid}}",
                "then": {
                  "steps": [
                    {
                      "name": "",
                      "module": "core",
                      "action": "exec",
                      "options": {
                        "exec": "db/transactionStart"
                      }
                    },
                    {
                      "name": "countproject",
                      "module": "dbconnector",
                      "action": "single",
                      "options": {
                        "connection": "appdb01",
                        "sql": {
                          "type": "select",
                          "columns": [
                            {
                              "table": "projects",
                              "column": "*",
                              "alias": "chk_unique",
                              "aggregate": "COUNT"
                            }
                          ],
                          "params": [
                            {
                              "operator": "equal",
                              "type": "expression",
                              "name": ":P1",
                              "value": "{{$_POST.project_name}}",
                              "test": ""
                            }
                          ],
                          "table": {
                            "name": "projects"
                          },
                          "primary": "project_id",
                          "joins": [],
                          "groupBy": [],
                          "wheres": {
                            "condition": "AND",
                            "rules": [
                              {
                                "id": "projects.project_name",
                                "field": "projects.project_name",
                                "type": "string",
                                "operator": "equal",
                                "value": "{{$_POST.project_name}}",
                                "data": {
                                  "table": "projects",
                                  "column": "project_name",
                                  "type": "text",
                                  "columnObj": {
                                    "type": "string",
                                    "default": "",
                                    "maxLength": 100,
                                    "primary": false,
                                    "nullable": true,
                                    "name": "project_name"
                                  }
                                },
                                "operation": "="
                              }
                            ],
                            "conditional": null,
                            "valid": true
                          },
                          "query": "select count(*) as `chk_unique` from `projects` where `projects`.`project_name` = ?"
                        }
                      },
                      "output": false,
                      "meta": [
                        {
                          "type": "number",
                          "name": "project_id"
                        },
                        {
                          "type": "text",
                          "name": "project_name"
                        },
                        {
                          "type": "text",
                          "name": "project_description"
                        },
                        {
                          "type": "text",
                          "name": "project_code"
                        },
                        {
                          "type": "text",
                          "name": "etc_project_number"
                        },
                        {
                          "type": "number",
                          "name": "start_year"
                        },
                        {
                          "type": "text",
                          "name": "client_name"
                        },
                        {
                          "type": "text",
                          "name": "project_status"
                        },
                        {
                          "type": "text",
                          "name": "project_timezone"
                        },
                        {
                          "type": "boolean",
                          "name": "is_active"
                        },
                        {
                          "type": "datetime",
                          "name": "created_on"
                        },
                        {
                          "type": "number",
                          "name": "created_by"
                        },
                        {
                          "type": "datetime",
                          "name": "updated_on"
                        },
                        {
                          "type": "number",
                          "name": "updated_by"
                        }
                      ],
                      "outputType": "object"
                    },
                    {
                      "name": "",
                      "module": "core",
                      "action": "condition",
                      "options": {
                        "if": "{{countproject.chk_unique==0}}",
                        "then": {
                          "steps": [
                            {
                              "name": "projectinsert",
                              "module": "dbupdater",
                              "action": "insert",
                              "options": {
                                "connection": "appdb01",
                                "sql": {
                                  "type": "insert",
                                  "values": [
                                    {
                                      "table": "projects",
                                      "column": "project_name",
                                      "type": "text",
                                      "value": "{{$_POST.project_name}}",
                                      "condition": "{{$_POST.project_name!=''}}"
                                    },
                                    {
                                      "table": "projects",
                                      "column": "project_description",
                                      "type": "text",
                                      "value": "{{$_POST.projectdescription}}"
                                    },
                                    {
                                      "table": "projects",
                                      "column": "project_code",
                                      "type": "text",
                                      "value": "{{$_POST.project_code}}"
                                    },
                                    {
                                      "table": "projects",
                                      "column": "etc_project_number",
                                      "type": "text",
                                      "value": "{{$_POST.etc_project_number}}"
                                    },
                                    {
                                      "table": "projects",
                                      "column": "start_year",
                                      "type": "number",
                                      "value": "{{$_POST.start_year}}"
                                    },
                                    {
                                      "table": "projects",
                                      "column": "client_name",
                                      "type": "text",
                                      "value": "{{$_POST.client_name}}"
                                    },
                                    {
                                      "table": "projects",
                                      "column": "project_status",
                                      "type": "text",
                                      "value": "{{$_POST.project_status}}"
                                    },
                                    {
                                      "table": "projects",
                                      "column": "project_timezone",
                                      "type": "text",
                                      "value": "{{$_POST.project_timezone}}"
                                    },
                                    {
                                      "table": "projects",
                                      "column": "is_active",
                                      "type": "boolean",
                                      "value": "{{$_POST.is_active}}"
                                    },
                                    {
                                      "table": "projects",
                                      "column": "created_on",
                                      "type": "datetime",
                                      "value": "{{NOW}}"
                                    },
                                    {
                                      "table": "projects",
                                      "column": "created_by",
                                      "type": "number",
                                      "value": "{{$_POST.created_by}}"
                                    }
                                  ],
                                  "table": "projects",
                                  "returning": "project_id",
                                  "query": "insert into `projects` (`client_name`, `created_by`, `created_on`, `etc_project_number`, `is_active`, `project_code`, `project_description`, `project_name`, `project_status`, `project_timezone`, `start_year`) values (?, ?, ?, ?, ?, ?, ?, ?, ?, ?, ?)",
                                  "params": [
                                    {
                                      "name": ":P1",
                                      "type": "expression",
                                      "value": "{{$_POST.project_name}}",
                                      "test": ""
                                    },
                                    {
                                      "name": ":P2",
                                      "type": "expression",
                                      "value": "{{$_POST.projectdescription}}",
                                      "test": ""
                                    },
                                    {
                                      "name": ":P3",
                                      "type": "expression",
                                      "value": "{{$_POST.project_code}}",
                                      "test": ""
                                    },
                                    {
                                      "name": ":P4",
                                      "type": "expression",
                                      "value": "{{$_POST.etc_project_number}}",
                                      "test": ""
                                    },
                                    {
                                      "name": ":P5",
                                      "type": "expression",
                                      "value": "{{$_POST.start_year}}",
                                      "test": ""
                                    },
                                    {
                                      "name": ":P6",
                                      "type": "expression",
                                      "value": "{{$_POST.client_name}}",
                                      "test": ""
                                    },
                                    {
                                      "name": ":P7",
                                      "type": "expression",
                                      "value": "{{$_POST.project_status}}",
                                      "test": ""
                                    },
                                    {
                                      "name": ":P8",
                                      "type": "expression",
                                      "value": "{{$_POST.project_timezone}}",
                                      "test": ""
                                    },
                                    {
                                      "name": ":P9",
                                      "type": "expression",
                                      "value": "{{$_POST.is_active}}",
                                      "test": ""
                                    },
                                    {
                                      "name": ":P10",
                                      "type": "expression",
                                      "value": "{{NOW}}",
                                      "test": ""
                                    },
                                    {
                                      "name": ":P11",
                                      "type": "expression",
                                      "value": "{{$_POST.created_by}}",
                                      "test": ""
                                    }
                                  ]
                                }
                              },
                              "meta": [
                                {
                                  "name": "identity",
                                  "type": "text"
                                },
                                {
                                  "name": "affected",
                                  "type": "number"
                                }
                              ],
                              "output": false
                            },
                            {
                              "name": "",
                              "module": "core",
                              "action": "exec",
                              "options": {
                                "exec": "db/transactionCommit"
                              }
                            },
                            {
                              "name": "",
                              "module": "core",
                              "action": "condition",
                              "options": {
                                "if": "{{projectinsert}}",
                                "then": {
                                  "steps": [
                                    {
                                      "name": "project_id",
                                      "module": "core",
                                      "action": "setvalue",
                                      "options": {
                                        "value": "{{projectinsert.identity}}"
                                      },
                                      "meta": [],
                                      "outputType": "text",
                                      "output": true
                                    },
                                    {
                                      "name": "result",
                                      "module": "core",
                                      "action": "setvalue",
                                      "options": {
                                        "value": true
                                      },
                                      "meta": [],
                                      "outputType": "text",
                                      "output": true
                                    }
                                  ]
                                },
                                "else": {
                                  "steps": [
                                    {
                                      "name": "message",
                                      "module": "core",
                                      "action": "setvalue",
                                      "options": {
                                        "value": "Error while inserting data."
                                      },
                                      "meta": [],
                                      "outputType": "text"
                                    },
                                    {
                                      "name": "result",
                                      "module": "core",
                                      "action": "setvalue",
                                      "options": {
                                        "value": false
                                      },
                                      "meta": [],
                                      "outputType": "text"
                                    }
                                  ]
                                }
                              },
                              "outputType": "boolean"
                            }
                          ]
                        },
                        "else": {
                          "steps": [
                            {
                              "name": "message",
                              "module": "core",
                              "action": "setvalue",
                              "options": {
                                "value": "Project Name already exists."
                              },
                              "meta": [],
                              "outputType": "text",
                              "output": true
                            },
                            {
                              "name": "result",
                              "module": "core",
                              "action": "setvalue",
                              "options": {
                                "value": false
                              },
                              "meta": [],
                              "outputType": "text",
                              "output": true
                            }
                          ]
                        }
                      },
                      "outputType": "boolean"
                    }
                  ]
                },
                "else": {
                  "steps": {
                    "name": "",
                    "module": "core",
                    "action": "response",
                    "options": {
                      "status": 401,
                      "data": "Unauthorized user."
                    },
                    "output": true
                  }
                }
              },
              "outputType": "boolean"
            }
          ]
        },
        "catch": {
          "steps": [
            {
              "name": "",
              "module": "core",
              "action": "exec",
              "options": {
                "exec": "db/transactionRollback"
              }
            },
            {
              "name": "message",
              "module": "core",
              "action": "setvalue",
              "options": {
                "value": "{{$_ERROR}}"
              },
              "meta": [],
              "outputType": "text",
              "output": true
            },
            {
              "name": "result",
              "module": "core",
              "action": "setvalue",
              "options": {
                "value": false
              },
              "meta": [],
              "outputType": "text",
              "output": true
            }
          ]
        }
      }
    }
  }
}