{
  "meta": {
    "$_GET": [
      {
        "type": "text",
        "options": {
          "rules": {
            "core:required": {
              "message": "Project Id not found."
            }
          }
        },
        "name": "project_id"
      }
    ],
    "$_POST": [
      {
        "type": "text",
        "name": "token"
      }
    ]
  },
  "exec": {
    "steps": {
      "name": "",
      "module": "core",
      "action": "trycatch",
      "options": {
        "try": {
          "steps": [
            {
              "name": "verifyuser",
              "module": "core",
              "action": "exec",
              "options": {
                "exec": "jwtVerify",
                "params": {
                  "token": "{{$_POST.token}}"
                }
              },
              "output": false
            },
            {
              "name": "",
              "module": "core",
              "action": "condition",
              "options": {
                "if": "{{verifyuser.verifytoken.userid}}",
                "then": {
                  "steps": [
                    {
                      "name": "getproject",
                      "module": "dbconnector",
                      "action": "single",
                      "options": {
                        "connection": "appdb01",
                        "sql": {
                          "type": "select",
                          "columns": [
                            {
                              "table": "projects",
                              "column": "*"
                            }
                          ],
                          "params": [
                            {
                              "operator": "equal",
                              "type": "expression",
                              "name": ":P1",
                              "value": "{{$_GET.project_id}}",
                              "test": ""
                            }
                          ],
                          "table": {
                            "name": "projects"
                          },
                          "primary": "project_id",
                          "joins": [],
                          "wheres": {
                            "condition": "AND",
                            "rules": [
                              {
                                "id": "projects.project_id",
                                "field": "projects.project_id",
                                "type": "double",
                                "operator": "equal",
                                "value": "{{$_GET.project_id}}",
                                "data": {
                                  "table": "projects",
                                  "column": "project_id",
                                  "type": "number",
                                  "columnObj": {
                                    "type": "increments",
                                    "primary": true,
                                    "nullable": false,
                                    "name": "project_id"
                                  }
                                },
                                "operation": "="
                              }
                            ],
                            "conditional": null,
                            "valid": true
                          },
                          "query": "select * from `projects` where `projects`.`project_id` = ?"
                        }
                      },
                      "meta": [
                        {
                          "type": "number",
                          "name": "project_id"
                        },
                        {
                          "type": "text",
                          "name": "project_name"
                        },
                        {
                          "type": "text",
                          "name": "project_description"
                        },
                        {
                          "type": "text",
                          "name": "project_code"
                        },
                        {
                          "type": "text",
                          "name": "etc_project_number"
                        },
                        {
                          "type": "number",
                          "name": "start_year"
                        },
                        {
                          "type": "text",
                          "name": "client_name"
                        },
                        {
                          "type": "text",
                          "name": "project_status"
                        },
                        {
                          "type": "text",
                          "name": "project_timezone"
                        },
                        {
                          "type": "boolean",
                          "name": "is_active"
                        },
                        {
                          "type": "datetime",
                          "name": "created_on"
                        },
                        {
                          "type": "number",
                          "name": "created_by"
                        },
                        {
                          "type": "datetime",
                          "name": "updated_on"
                        },
                        {
                          "type": "number",
                          "name": "updated_by"
                        }
                      ],
                      "outputType": "object"
                    },
                    {
                      "name": "",
                      "module": "core",
                      "action": "condition",
                      "options": {
                        "if": "{{getproject}}",
                        "then": {
                          "steps": [
                            {
                              "name": "project_data",
                              "module": "core",
                              "action": "setvalue",
                              "options": {
                                "value": "{{getproject}}"
                              },
                              "meta": [
                                {
                                  "name": "project_id",
                                  "type": "number"
                                },
                                {
                                  "name": "project_name",
                                  "type": "text"
                                },
                                {
                                  "name": "project_description",
                                  "type": "text"
                                },
                                {
                                  "name": "project_code",
                                  "type": "text"
                                },
                                {
                                  "name": "etc_project_number",
                                  "type": "text"
                                },
                                {
                                  "name": "start_year",
                                  "type": "number"
                                },
                                {
                                  "name": "client_name",
                                  "type": "text"
                                },
                                {
                                  "name": "project_status",
                                  "type": "text"
                                },
                                {
                                  "name": "project_timezone",
                                  "type": "text"
                                },
                                {
                                  "name": "is_active",
                                  "type": "boolean"
                                },
                                {
                                  "name": "created_on",
                                  "type": "datetime"
                                },
                                {
                                  "name": "created_by",
                                  "type": "number"
                                },
                                {
                                  "name": "updated_on",
                                  "type": "datetime"
                                },
                                {
                                  "name": "updated_by",
                                  "type": "number"
                                }
                              ],
                              "outputType": "text",
                              "output": true
                            },
                            {
                              "name": "result",
                              "module": "core",
                              "action": "setvalue",
                              "options": {
                                "value": true
                              },
                              "meta": [],
                              "outputType": "text",
                              "output": true
                            }
                          ]
                        },
                        "else": {
                          "steps": [
                            {
                              "name": "message",
                              "module": "core",
                              "action": "setvalue",
                              "options": {
                                "value": "Record not found."
                              },
                              "meta": [],
                              "output": true,
                              "outputType": "text"
                            },
                            {
                              "name": "result",
                              "module": "core",
                              "action": "setvalue",
                              "options": {
                                "value": false
                              },
                              "meta": [],
                              "output": true,
                              "outputType": "text"
                            }
                          ]
                        }
                      },
                      "outputType": "boolean"
                    }
                  ]
                },
                "else": {
                  "steps": {
                    "name": "",
                    "module": "core",
                    "action": "response",
                    "options": {
                      "status": 401,
                      "data": "Unauthorized user."
                    },
                    "output": true
                  }
                }
              },
              "outputType": "boolean"
            }
          ]
        },
        "catch": {
          "steps": [
            {
              "name": "message",
              "module": "core",
              "action": "setvalue",
              "options": {
                "value": "{{$_ERROR}}"
              },
              "meta": [],
              "outputType": "text",
              "output": true
            },
            {
              "name": "result",
              "module": "core",
              "action": "setvalue",
              "options": {
                "value": false
              },
              "meta": [],
              "outputType": "text",
              "output": true
            }
          ]
        }
      }
    }
  }
}