{
  "meta": {
    "$_GET": [
      {
        "type": "text",
        "name": "offset"
      },
      {
        "type": "text",
        "name": "limit"
      },
      {
        "type": "text",
        "name": "sort"
      },
      {
        "type": "text",
        "name": "dir"
      }
    ],
    "$_POST": [
      {
        "type": "text",
        "name": "project_name"
      },
      {
        "type": "text",
        "name": "etc_project_number"
      },
      {
        "type": "text",
        "name": "project_code"
      },
      {
        "type": "number",
        "name": "start_year"
      },
      {
        "type": "boolean",
        "name": "is_active"
      },
      {
        "type": "text",
        "name": "status"
      },
      {
        "type": "text",
        "name": "token"
      }
    ]
  },
  "exec": {
    "steps": [
      {
        "name": "verifyuser",
        "module": "core",
        "action": "exec",
        "options": {
          "exec": "jwtVerify",
          "params": {
            "token": "{{$_POST.token}}"
          }
        },
        "output": false
      },
      {
        "name": "",
        "module": "core",
        "action": "condition",
        "options": {
          "if": "{{verifyuser.verifytoken.userid}}",
          "then": {
            "steps": {
              "name": "query",
              "module": "dbconnector",
              "action": "paged",
              "options": {
                "connection": "appdb01",
                "sql": {
                  "type": "select",
                  "columns": [
                    {
                      "table": "projects",
                      "column": "project_id"
                    },
                    {
                      "table": "projects",
                      "column": "project_name"
                    },
                    {
                      "table": "projects",
                      "column": "project_code"
                    },
                    {
                      "table": "projects",
                      "column": "etc_project_number"
                    },
                    {
                      "table": "projects",
                      "column": "start_year"
                    },
                    {
                      "table": "projects",
                      "column": "client_name"
                    },
                    {
                      "table": "projects",
                      "column": "project_status"
                    },
                    {
                      "table": "projects",
                      "column": "is_active"
                    }
                  ],
                  "params": [
                    {
                      "operator": "contains",
                      "type": "expression",
                      "name": ":P1",
                      "value": "{{$_POST.project_name}}",
                      "test": ""
                    },
                    {
                      "operator": "contains",
                      "type": "expression",
                      "name": ":P2",
                      "value": "{{$_POST.project_code}}",
                      "test": ""
                    },
                    {
                      "operator": "contains",
                      "type": "expression",
                      "name": ":P3",
                      "value": "{{$_POST.etc_project_number}}",
                      "test": ""
                    },
                    {
                      "operator": "equal",
                      "type": "expression",
                      "name": ":P4",
                      "value": "{{$_POST.start_year}}",
                      "test": ""
                    },
                    {
                      "operator": "equal",
                      "type": "expression",
                      "name": ":P5",
                      "value": "{{$_POST.is_active}}",
                      "test": ""
                    },
                    {
                      "operator": "equal",
                      "type": "expression",
                      "name": ":P6",
                      "value": "{{$_POST.status}}",
                      "test": ""
                    }
                  ],
                  "table": {
                    "name": "projects"
                  },
                  "primary": "project_id",
                  "joins": [],
                  "query": "select `project_id`, `project_name`, `project_code`, `etc_project_number`, `start_year`, `client_name`, `project_status`, `is_active` from `projects` where (`projects`.`project_name` like ?) and (`projects`.`project_code` like ?) and (`projects`.`etc_project_number` like ?) and (`projects`.`start_year` = ?) and (`projects`.`is_active` = ?) and (`projects`.`project_status` = ?) order by `project_id` ASC",
                  "wheres": {
                    "condition": "AND",
                    "rules": [
                      {
                        "condition": "AND",
                        "rules": [
                          {
                            "id": "projects.project_name",
                            "field": "projects.project_name",
                            "type": "string",
                            "operator": "contains",
                            "value": "{{$_POST.project_name}}",
                            "data": {
                              "table": "projects",
                              "column": "project_name",
                              "type": "text",
                              "columnObj": {
                                "type": "string",
                                "default": "",
                                "maxLength": 100,
                                "primary": false,
                                "nullable": true,
                                "name": "project_name"
                              }
                            },
                            "operation": "LIKE",
                            "table": "projects"
                          }
                        ],
                        "conditional": "{{$_POST.project_name}}",
                        "table": "projects",
                        "id": "projects.undefined"
                      },
                      {
                        "condition": "AND",
                        "rules": [
                          {
                            "id": "projects.project_code",
                            "field": "projects.project_code",
                            "type": "string",
                            "operator": "contains",
                            "value": "{{$_POST.project_code}}",
                            "data": {
                              "table": "projects",
                              "column": "project_code",
                              "type": "text",
                              "columnObj": {
                                "type": "string",
                                "default": "",
                                "maxLength": 60,
                                "primary": false,
                                "nullable": true,
                                "name": "project_code"
                              }
                            },
                            "operation": "LIKE",
                            "table": "projects"
                          }
                        ],
                        "conditional": "{{$_POST.project_code}}",
                        "table": "projects",
                        "id": "projects.undefined"
                      },
                      {
                        "condition": "AND",
                        "rules": [
                          {
                            "id": "projects.etc_project_number",
                            "field": "projects.etc_project_number",
                            "type": "string",
                            "operator": "contains",
                            "value": "{{$_POST.etc_project_number}}",
                            "data": {
                              "table": "projects",
                              "column": "etc_project_number",
                              "type": "text",
                              "columnObj": {
                                "type": "string",
                                "default": "",
                                "maxLength": 60,
                                "primary": false,
                                "nullable": true,
                                "name": "etc_project_number"
                              }
                            },
                            "operation": "LIKE",
                            "table": "projects"
                          }
                        ],
                        "conditional": "{{$_POST.etc_project_number}}",
                        "table": "projects",
                        "id": "projects.undefined"
                      },
                      {
                        "condition": "AND",
                        "rules": [
                          {
                            "id": "projects.start_year",
                            "field": "projects.start_year",
                            "type": "double",
                            "operator": "equal",
                            "value": "{{$_POST.start_year}}",
                            "data": {
                              "table": "projects",
                              "column": "start_year",
                              "type": "number",
                              "columnObj": {
                                "type": "integer",
                                "default": "",
                                "primary": false,
                                "nullable": true,
                                "name": "start_year"
                              }
                            },
                            "operation": "=",
                            "table": "projects"
                          }
                        ],
                        "conditional": "{{$_POST.start_year}}",
                        "table": "projects",
                        "id": "projects.undefined"
                      },
                      {
                        "condition": "AND",
                        "rules": [
                          {
                            "id": "projects.is_active",
                            "field": "projects.is_active",
                            "type": "boolean",
                            "operator": "equal",
                            "value": "{{$_POST.is_active}}",
                            "data": {
                              "table": "projects",
                              "column": "is_active",
                              "type": "boolean",
                              "columnObj": {
                                "type": "boolean",
                                "default": "1",
                                "primary": false,
                                "nullable": true,
                                "name": "is_active"
                              }
                            },
                            "operation": "=",
                            "table": "projects"
                          }
                        ],
                        "conditional": "{{$_POST.is_active}}",
                        "table": "projects",
                        "id": "projects.undefined"
                      },
                      {
                        "condition": "AND",
                        "rules": [
                          {
                            "id": "projects.project_status",
                            "field": "projects.project_status",
                            "type": "string",
                            "operator": "equal",
                            "value": "{{$_POST.status}}",
                            "data": {
                              "table": "projects",
                              "column": "project_status",
                              "type": "text",
                              "columnObj": {
                                "type": "string",
                                "default": "",
                                "maxLength": 20,
                                "primary": false,
                                "nullable": true,
                                "name": "project_status"
                              }
                            },
                            "operation": "=",
                            "table": "projects"
                          }
                        ],
                        "conditional": "{{$_POST.status}}",
                        "table": "projects",
                        "id": "projects.undefined"
                      }
                    ],
                    "valid": true
                  },
                  "orders": [
                    {
                      "table": "projects",
                      "column": "{{$_GET.sort}}",
                      "direction": "{{$_GET.dir}}"
                    }
                  ]
                }
              },
              "output": true,
              "meta": [
                {
                  "name": "offset",
                  "type": "number"
                },
                {
                  "name": "limit",
                  "type": "number"
                },
                {
                  "name": "total",
                  "type": "number"
                },
                {
                  "name": "page",
                  "type": "object",
                  "sub": [
                    {
                      "name": "offset",
                      "type": "object",
                      "sub": [
                        {
                          "name": "first",
                          "type": "number"
                        },
                        {
                          "name": "prev",
                          "type": "number"
                        },
                        {
                          "name": "next",
                          "type": "number"
                        },
                        {
                          "name": "last",
                          "type": "number"
                        }
                      ]
                    },
                    {
                      "name": "current",
                      "type": "number"
                    },
                    {
                      "name": "total",
                      "type": "number"
                    }
                  ]
                },
                {
                  "name": "data",
                  "type": "array",
                  "sub": [
                    {
                      "type": "number",
                      "name": "project_id"
                    },
                    {
                      "type": "text",
                      "name": "project_name"
                    },
                    {
                      "type": "text",
                      "name": "project_code"
                    },
                    {
                      "type": "text",
                      "name": "etc_project_number"
                    },
                    {
                      "type": "number",
                      "name": "start_year"
                    },
                    {
                      "type": "text",
                      "name": "client_name"
                    },
                    {
                      "type": "text",
                      "name": "project_status"
                    },
                    {
                      "type": "boolean",
                      "name": "is_active"
                    }
                  ]
                }
              ],
              "outputType": "object"
            }
          },
          "else": {
            "steps": {
              "name": "",
              "module": "core",
              "action": "response",
              "options": {
                "status": 401,
                "data": "Unauthorized user."
              },
              "output": true
            }
          }
        },
        "outputType": "boolean"
      }
    ]
  }
}