{
  "meta": {
    "$_POST": [
      {
        "type": "text",
        "options": {
          "rules": {}
        },
        "name": "project_id"
      },
      {
        "type": "text",
        "options": {
          "rules": {
            "core:required": {
              "message": "Please enter Project Name."
            }
          }
        },
        "name": "project_name"
      },
      {
        "type": "text",
        "name": "project_description"
      },
      {
        "type": "text",
        "name": "project_code"
      },
      {
        "type": "text",
        "name": "etc_project_number"
      },
      {
        "type": "text",
        "name": "start_year"
      },
      {
        "type": "text",
        "name": "client_name"
      },
      {
        "type": "text",
        "name": "project_status"
      },
      {
        "type": "text",
        "name": "project_timezone"
      },
      {
        "type": "text",
        "name": "is_active"
      },
      {
        "type": "number",
        "name": "updated_by"
      },
      {
        "type": "text",
        "name": "token"
      }
    ]
  },
  "exec": {
    "steps": {
      "name": "",
      "module": "core",
      "action": "trycatch",
      "options": {
        "try": {
          "steps": [
            {
              "name": "verifyuser",
              "module": "core",
              "action": "exec",
              "options": {
                "exec": "jwtVerify",
                "params": {
                  "token": "{{$_POST.token}}"
                }
              }
            },
            {
              "name": "",
              "module": "core",
              "action": "condition",
              "options": {
                "if": "{{verifyuser.verifytoken.userid}}",
                "then": {
                  "steps": [
                    {
                      "name": "",
                      "module": "core",
                      "action": "exec",
                      "options": {
                        "exec": "db/transactionStart"
                      },
                      "output": false
                    },
                    {
                      "name": "checkProjectName",
                      "module": "dbupdater",
                      "action": "custom",
                      "options": {
                        "connection": "appdb01",
                        "sql": {
                          "query": "SELECT COUNT(*) as chk_unique FROM projects WHERE project_name = '{{$_POST.project_name}}' and project_id != {{$_POST.project_id}};",
                          "params": [
                            {
                              "name": ":p1",
                              "value": "{{$_POST.project_id}}",
                              "test": ""
                            },
                            {
                              "name": ":p2",
                              "value": "{{$_POST.project_name}}"
                            }
                          ]
                        }
                      },
                      "meta": [
                        {
                          "name": "chk_unique",
                          "type": "text"
                        }
                      ],
                      "outputType": "array"
                    },
                    {
                      "name": "",
                      "module": "core",
                      "action": "condition",
                      "options": {
                        "if": "{{checkProjectName[0].chk_unique==0}}",
                        "then": {
                          "steps": [
                            {
                              "name": "updateproject",
                              "module": "dbupdater",
                              "action": "update",
                              "options": {
                                "connection": "appdb01",
                                "sql": {
                                  "type": "update",
                                  "values": [
                                    {
                                      "table": "projects",
                                      "column": "project_name",
                                      "type": "text",
                                      "value": "{{$_POST.project_name}}"
                                    },
                                    {
                                      "table": "projects",
                                      "column": "project_description",
                                      "type": "text",
                                      "value": "{{$_POST.project_description}}"
                                    },
                                    {
                                      "table": "projects",
                                      "column": "project_code",
                                      "type": "text",
                                      "value": "{{$_POST.project_code}}"
                                    },
                                    {
                                      "table": "projects",
                                      "column": "etc_project_number",
                                      "type": "text",
                                      "value": "{{$_POST.etc_project_number}}"
                                    },
                                    {
                                      "table": "projects",
                                      "column": "start_year",
                                      "type": "number",
                                      "value": "{{$_POST.start_year}}"
                                    },
                                    {
                                      "table": "projects",
                                      "column": "client_name",
                                      "type": "text",
                                      "value": "{{$_POST.client_name}}"
                                    },
                                    {
                                      "table": "projects",
                                      "column": "project_status",
                                      "type": "text",
                                      "value": "{{$_POST.project_status}}"
                                    },
                                    {
                                      "table": "projects",
                                      "column": "project_timezone",
                                      "type": "text",
                                      "value": "{{$_POST.project_timezone}}"
                                    },
                                    {
                                      "table": "projects",
                                      "column": "is_active",
                                      "type": "boolean",
                                      "value": "{{$_POST.is_active}}"
                                    },
                                    {
                                      "table": "projects",
                                      "column": "updated_on",
                                      "type": "datetime",
                                      "value": "{{NOW}}"
                                    },
                                    {
                                      "table": "projects",
                                      "column": "updated_by",
                                      "type": "number",
                                      "value": "{{$_POST.updated_by}}"
                                    }
                                  ],
                                  "table": "projects",
                                  "wheres": {
                                    "condition": "AND",
                                    "rules": [
                                      {
                                        "id": "project_id",
                                        "type": "double",
                                        "operator": "equal",
                                        "value": "{{$_POST.project_id}}",
                                        "data": {
                                          "column": "project_id"
                                        },
                                        "operation": "="
                                      }
                                    ]
                                  },
                                  "returning": "project_id",
                                  "query": "update `projects` set `project_name` = ?, `project_description` = ?, `project_code` = ?, `etc_project_number` = ?, `start_year` = ?, `client_name` = ?, `project_status` = ?, `project_timezone` = ?, `is_active` = ?, `updated_on` = ?, `updated_by` = ? where `project_id` = ?",
                                  "params": [
                                    {
                                      "name": ":P1",
                                      "type": "expression",
                                      "value": "{{$_POST.project_name}}",
                                      "test": ""
                                    },
                                    {
                                      "name": ":P2",
                                      "type": "expression",
                                      "value": "{{$_POST.project_description}}",
                                      "test": ""
                                    },
                                    {
                                      "name": ":P3",
                                      "type": "expression",
                                      "value": "{{$_POST.project_code}}",
                                      "test": ""
                                    },
                                    {
                                      "name": ":P4",
                                      "type": "expression",
                                      "value": "{{$_POST.etc_project_number}}",
                                      "test": ""
                                    },
                                    {
                                      "name": ":P5",
                                      "type": "expression",
                                      "value": "{{$_POST.start_year}}",
                                      "test": ""
                                    },
                                    {
                                      "name": ":P6",
                                      "type": "expression",
                                      "value": "{{$_POST.client_name}}",
                                      "test": ""
                                    },
                                    {
                                      "name": ":P7",
                                      "type": "expression",
                                      "value": "{{$_POST.project_status}}",
                                      "test": ""
                                    },
                                    {
                                      "name": ":P8",
                                      "type": "expression",
                                      "value": "{{$_POST.project_timezone}}",
                                      "test": ""
                                    },
                                    {
                                      "name": ":P9",
                                      "type": "expression",
                                      "value": "{{$_POST.is_active}}",
                                      "test": ""
                                    },
                                    {
                                      "name": ":P10",
                                      "type": "expression",
                                      "value": "{{NOW}}",
                                      "test": ""
                                    },
                                    {
                                      "name": ":P11",
                                      "type": "expression",
                                      "value": "{{$_POST.updated_by}}",
                                      "test": ""
                                    },
                                    {
                                      "operator": "equal",
                                      "type": "expression",
                                      "name": ":P12",
                                      "value": "{{$_POST.project_id}}",
                                      "test": ""
                                    }
                                  ]
                                }
                              },
                              "meta": [
                                {
                                  "name": "affected",
                                  "type": "number"
                                }
                              ]
                            },
                            {
                              "name": "",
                              "module": "core",
                              "action": "condition",
                              "options": {
                                "if": "{{updateproject}}",
                                "then": {
                                  "steps": [
                                    {
                                      "name": "",
                                      "module": "core",
                                      "action": "exec",
                                      "options": {
                                        "exec": "db/transactionCommit"
                                      },
                                      "output": false
                                    },
                                    {
                                      "name": "message",
                                      "module": "core",
                                      "action": "setvalue",
                                      "options": {
                                        "value": "Project updated successfully."
                                      },
                                      "meta": [],
                                      "outputType": "text",
                                      "output": true
                                    },
                                    {
                                      "name": "result",
                                      "module": "core",
                                      "action": "setvalue",
                                      "options": {
                                        "value": true
                                      },
                                      "meta": [],
                                      "outputType": "text",
                                      "output": true
                                    }
                                  ]
                                },
                                "else": {
                                  "steps": [
                                    {
                                      "name": "message",
                                      "module": "core",
                                      "action": "setvalue",
                                      "options": {
                                        "value": "Error while updating record."
                                      },
                                      "meta": [],
                                      "outputType": "text",
                                      "output": true
                                    },
                                    {
                                      "name": "result",
                                      "module": "core",
                                      "action": "setvalue",
                                      "options": {
                                        "value": false
                                      },
                                      "meta": [],
                                      "outputType": "text",
                                      "output": true
                                    }
                                  ]
                                }
                              },
                              "outputType": "boolean"
                            }
                          ]
                        },
                        "else": {
                          "steps": [
                            {
                              "name": "message",
                              "module": "core",
                              "action": "setvalue",
                              "options": {
                                "value": "Project already exists."
                              },
                              "meta": [],
                              "outputType": "text",
                              "output": true
                            },
                            {
                              "name": "result",
                              "module": "core",
                              "action": "setvalue",
                              "options": {
                                "value": false
                              },
                              "meta": [],
                              "outputType": "text",
                              "output": true
                            }
                          ]
                        }
                      },
                      "outputType": "boolean"
                    }
                  ]
                },
                "else": {
                  "steps": {
                    "name": "",
                    "module": "core",
                    "action": "response",
                    "options": {
                      "status": 401,
                      "data": "Unauthorized user."
                    },
                    "output": true
                  }
                }
              },
              "outputType": "boolean"
            }
          ]
        },
        "catch": {
          "steps": [
            {
              "name": "",
              "module": "core",
              "action": "exec",
              "options": {
                "exec": "db/transactionRollback"
              }
            },
            {
              "name": "message",
              "module": "core",
              "action": "setvalue",
              "options": {
                "value": "{{$_ERROR}}"
              },
              "meta": [],
              "outputType": "text",
              "output": true
            },
            {
              "name": "result",
              "module": "core",
              "action": "setvalue",
              "options": {
                "value": false
              },
              "meta": [],
              "outputType": "text",
              "output": true
            }
          ]
        }
      }
    }
  }
}