{
  "meta": {
    "$_POST": [
      {
        "type": "text",
        "name": "etcid"
      },
      {
        "type": "text",
        "name": "fname"
      },
      {
        "type": "text",
        "name": "lname"
      },
      {
        "type": "text",
        "name": "phone"
      },
      {
        "type": "text",
        "name": "contact_id"
      }
    ]
  },
  "exec": {
    "steps": [
      {
        "name": "jwtVerify",
        "module": "core",
        "action": "exec",
        "options": {
          "exec": "jwtVerify",
          "params": {
            "token": "{{$_SERVER.HTTP_AUTHORIZATION}}"
          }
        }
      },
      {
        "name": "",
        "module": "core",
        "action": "trycatch",
        "options": {
          "try": {
            "steps": [
              {
                "name": "insert",
                "module": "dbupdater",
                "action": "insert",
                "options": {
                  "connection": "appdb01",
                  "sql": {
                    "type": "insert",
                    "values": [
                      {
                        "table": "callstart",
                        "column": "fname",
                        "type": "text",
                        "value": "{{$_POST.fname}}"
                      },
                      {
                        "table": "callstart",
                        "column": "lname",
                        "type": "text",
                        "value": "{{$_POST.lname}}"
                      },
                      {
                        "table": "callstart",
                        "column": "phone",
                        "type": "text",
                        "value": "{{$_POST.phone}}"
                      },
                      {
                        "table": "callstart",
                        "column": "contact_id",
                        "type": "text",
                        "value": "{{$_POST.contact_id}}"
                      },
                      {
                        "table": "callstart",
                        "column": "etcid",
                        "type": "text",
                        "value": "{{$_POST.etcid}}"
                      }
                    ],
                    "table": "engage_callstart",
                    "query": "insert into `engage_callstart` (`contact_id`, `etcid`, `fname`, `lname`, `phone`) values (?, ?, ?, ?, ?)",
                    "params": [
                      {
                        "name": ":P1",
                        "type": "expression",
                        "value": "{{$_POST.fname}}",
                        "test": ""
                      },
                      {
                        "name": ":P2",
                        "type": "expression",
                        "value": "{{$_POST.lname}}",
                        "test": ""
                      },
                      {
                        "name": ":P3",
                        "type": "expression",
                        "value": "{{$_POST.phone}}",
                        "test": ""
                      },
                      {
                        "name": ":P4",
                        "type": "expression",
                        "value": "{{$_POST.contact_id}}",
                        "test": ""
                      },
                      {
                        "name": ":P5",
                        "type": "expression",
                        "value": "{{$_POST.etcid}}",
                        "test": ""
                      }
                    ],
                    "returning": "callstart_id"
                  }
                },
                "meta": [
                  {
                    "name": "identity",
                    "type": "text"
                  },
                  {
                    "name": "affected",
                    "type": "number"
                  }
                ]
              },
              {
                "name": "result",
                "module": "core",
                "action": "setvalue",
                "options": {
                  "key": "result",
                  "value": true
                },
                "meta": [],
                "outputType": "text",
                "output": true
              },
              {
                "name": "data",
                "module": "core",
                "action": "setvalue",
                "options": {
                  "key": "data",
                  "value": "{{'Inserted id '+insert.identity+' successfully!'}}"
                },
                "meta": [],
                "outputType": "text",
                "output": true
              }
            ]
          },
          "catch": {
            "steps": [
              {
                "name": "result",
                "module": "core",
                "action": "setvalue",
                "options": {
                  "key": "result",
                  "value": false
                },
                "meta": [],
                "outputType": "text",
                "output": true
              },
              {
                "name": "message",
                "module": "core",
                "action": "setvalue",
                "options": {
                  "key": "message",
                  "value": "{{$_ERROR}}"
                },
                "meta": [],
                "outputType": "text",
                "output": true
              }
            ]
          }
        }
      }
    ]
  }
}