{
  "meta": {
    "$_POST": [
      {
        "type": "text",
        "name": "etcid"
      },
      {
        "type": "text",
        "options": {
          "rules": {}
        },
        "name": "fname"
      },
      {
        "type": "text",
        "name": "lname"
      },
      {
        "type": "text",
        "name": "phone"
      },
      {
        "type": "text",
        "options": {
          "rules": {}
        },
        "name": "contact_id"
      },
      {
        "type": "number",
        "options": {
          "rules": {}
        },
        "name": "interaction_type"
      },
      {
        "type": "text",
        "options": {
          "rules": {}
        },
        "name": "agent_username"
      },
      {
        "type": "datetime",
        "options": {
          "rules": {}
        },
        "name": "start_timestamp"
      },
      {
        "type": "datetime",
        "options": {
          "rules": {}
        },
        "name": "end_timestamp"
      },
      {
        "type": "datetime",
        "name": "acw_start_timestamp"
      },
      {
        "type": "datetime",
        "name": "acw_end_timestamp"
      },
      {
        "type": "text",
        "name": "recording_s3_location"
      },
      {
        "type": "text",
        "name": "recording_url"
      },
      {
        "type": "array",
        "name": "resolution_codes"
      },
      {
        "type": "text",
        "name": "agent_note"
      }
    ]
  },
  "exec": {
    "steps": [
      {
        "name": "jwtVerify",
        "module": "core",
        "action": "exec",
        "options": {
          "exec": "jwtVerify",
          "params": {
            "token": "{{$_SERVER.HTTP_AUTHORIZATION}}"
          }
        }
      },
      {
        "name": "",
        "module": "core",
        "action": "trycatch",
        "options": {
          "try": {
            "steps": [
              {
                "name": "insert",
                "module": "dbupdater",
                "action": "insert",
                "options": {
                  "connection": "appdb01",
                  "sql": {
                    "type": "insert",
                    "values": [
                      {
                        "table": "engage_callend",
                        "column": "interation_type",
                        "type": "number",
                        "value": "{{$_POST.interaction_type}}"
                      },
                      {
                        "table": "engage_callend",
                        "column": "agent_username",
                        "type": "text",
                        "value": "{{$_POST.agent_username}}"
                      },
                      {
                        "table": "engage_callend",
                        "column": "start_timestamp",
                        "type": "datetime",
                        "value": "{{$_POST.start_timestamp.substr(0, $_POST.start_timestamp.length()-1)}}"
                      },
                      {
                        "table": "engage_callend",
                        "column": "end_timestamp",
                        "type": "datetime",
                        "value": "{{$_POST.end_timestamp.substr(0, $_POST.end_timestamp.length()-1)}}"
                      },
                      {
                        "table": "engage_callend",
                        "column": "acw_start_timestamp",
                        "type": "datetime",
                        "value": "{{$_POST.acw_start_timestamp.substr(0, $_POST.acw_start_timestamp.length()-1)}}"
                      },
                      {
                        "table": "engage_callend",
                        "column": "acw_end_timestamp",
                        "type": "datetime",
                        "value": "{{$_POST.acw_end_timestamp.substr(0, $_POST.acw_end_timestamp.length()-1)}}"
                      },
                      {
                        "table": "engage_callend",
                        "column": "recording_s3_location",
                        "type": "text",
                        "value": "{{$_POST.recording_s3_location}}"
                      },
                      {
                        "table": "engage_callend",
                        "column": "recording_url",
                        "type": "text",
                        "value": "{{$_POST.recording_url}}"
                      },
                      {
                        "table": "engage_callend",
                        "column": "contact_id",
                        "type": "number",
                        "value": "{{$_POST.contact_id}}"
                      },
                      {
                        "table": "engage_callend",
                        "column": "resolution_codes",
                        "type": "text",
                        "value": "{{$_POST.resolution_codes.join(',')}}"
                      },
                      {
                        "table": "engage_callend",
                        "column": "agent_note",
                        "type": "text",
                        "value": "{{$_POST.agent_note}}"
                      },
                      {
                        "table": "engage_callend",
                        "column": "etcid",
                        "type": "number",
                        "value": "{{$_POST.etcid}}"
                      }
                    ],
                    "table": "engage_callend",
                    "query": "insert into `engage_callend` (`acw_end_timestamp`, `acw_start_timestamp`, `agent_note`, `agent_username`, `contact_id`, `end_timestamp`, `etcid`, `interation_type`, `recording_s3_location`, `recording_url`, `resolution_codes`, `start_timestamp`) values (?, ?, ?, ?, ?, ?, ?, ?, ?, ?, ?, ?)",
                    "params": [
                      {
                        "name": ":P1",
                        "type": "expression",
                        "value": "{{$_POST.interaction_type}}",
                        "test": ""
                      },
                      {
                        "name": ":P2",
                        "type": "expression",
                        "value": "{{$_POST.agent_username}}",
                        "test": ""
                      },
                      {
                        "name": ":P3",
                        "type": "expression",
                        "value": "{{$_POST.start_timestamp.substr(0, $_POST.start_timestamp.length()-1)}}",
                        "test": ""
                      },
                      {
                        "name": ":P4",
                        "type": "expression",
                        "value": "{{$_POST.end_timestamp.substr(0, $_POST.end_timestamp.length()-1)}}",
                        "test": ""
                      },
                      {
                        "name": ":P5",
                        "type": "expression",
                        "value": "{{$_POST.acw_start_timestamp.substr(0, $_POST.acw_start_timestamp.length()-1)}}",
                        "test": ""
                      },
                      {
                        "name": ":P6",
                        "type": "expression",
                        "value": "{{$_POST.acw_end_timestamp.substr(0, $_POST.acw_end_timestamp.length()-1)}}",
                        "test": ""
                      },
                      {
                        "name": ":P7",
                        "type": "expression",
                        "value": "{{$_POST.recording_s3_location}}",
                        "test": ""
                      },
                      {
                        "name": ":P8",
                        "type": "expression",
                        "value": "{{$_POST.recording_url}}",
                        "test": ""
                      },
                      {
                        "name": ":P9",
                        "type": "expression",
                        "value": "{{$_POST.contact_id}}",
                        "test": ""
                      },
                      {
                        "name": ":P10",
                        "type": "expression",
                        "value": "{{$_POST.resolution_codes.join(',')}}",
                        "test": ""
                      },
                      {
                        "name": ":P11",
                        "type": "expression",
                        "value": "{{$_POST.agent_note}}",
                        "test": ""
                      },
                      {
                        "name": ":P12",
                        "type": "expression",
                        "value": "{{$_POST.etcid}}",
                        "test": ""
                      }
                    ],
                    "returning": "callend_id"
                  }
                },
                "meta": [
                  {
                    "name": "identity",
                    "type": "text"
                  },
                  {
                    "name": "affected",
                    "type": "number"
                  }
                ]
              },
              {
                "name": "result",
                "module": "core",
                "action": "setvalue",
                "options": {
                  "key": "result",
                  "value": true
                },
                "meta": [],
                "outputType": "text",
                "output": true
              },
              {
                "name": "data",
                "module": "core",
                "action": "setvalue",
                "options": {
                  "key": "data",
                  "value": "{{'Inserted id '+insert.identity+' successfully!'}}"
                },
                "meta": [],
                "outputType": "text",
                "output": true
              }
            ]
          },
          "catch": {
            "steps": [
              {
                "name": "result",
                "module": "core",
                "action": "setvalue",
                "options": {
                  "key": "result",
                  "value": false
                },
                "meta": [],
                "outputType": "text",
                "output": true
              },
              {
                "name": "message",
                "module": "core",
                "action": "setvalue",
                "options": {
                  "key": "message",
                  "value": "{{$_ERROR}}"
                },
                "meta": [],
                "outputType": "text",
                "output": true
              }
            ]
          }
        }
      }
    ]
  }
}