{
  "meta": {
    "$_GET": [
      {
        "type": "text",
        "name": "offset"
      },
      {
        "type": "text",
        "name": "limit"
      },
      {
        "type": "text",
        "name": "sort"
      },
      {
        "type": "text",
        "name": "dir"
      }
    ],
    "$_POST": [
      {
        "type": "text",
        "name": "fname"
      },
      {
        "type": "text",
        "name": "lname"
      },
      {
        "type": "text",
        "name": "contact_id"
      },
      {
        "type": "text",
        "name": "phone"
      },
      {
        "type": "text",
        "name": "etcid"
      },
      {
        "type": "text",
        "name": "created_on"
      }
    ]
  },
  "exec": {
    "steps": [
      {
        "name": "jwtVerify",
        "module": "core",
        "action": "exec",
        "options": {
          "exec": "jwtVerify",
          "params": {
            "token": "{{$_SERVER.HTTP_AUTHORIZATION}}"
          }
        }
      },
      {
        "name": "",
        "module": "core",
        "action": "trycatch",
        "options": {
          "try": {
            "steps": [
              {
                "name": "query",
                "module": "dbconnector",
                "action": "paged",
                "options": {
                  "connection": "appdb01",
                  "sql": {
                    "type": "select",
                    "columns": [
                      {
                        "table": "engage_callstart",
                        "column": "etcid"
                      },
                      {
                        "table": "engage_callstart",
                        "column": "fname"
                      },
                      {
                        "table": "engage_callstart",
                        "column": "lname"
                      },
                      {
                        "table": "engage_callstart",
                        "column": "created_on"
                      },
                      {
                        "table": "engage_callstart",
                        "column": "phone"
                      },
                      {
                        "table": "engage_callstart",
                        "column": "contact_id"
                      }
                    ],
                    "params": [
                      {
                        "operator": "equal",
                        "type": "expression",
                        "name": ":P1",
                        "value": "{{$_POST.fname}}",
                        "test": ""
                      },
                      {
                        "operator": "equal",
                        "type": "expression",
                        "name": ":P2",
                        "value": "{{$_POST.lname}}",
                        "test": ""
                      },
                      {
                        "operator": "equal",
                        "type": "expression",
                        "name": ":P3",
                        "value": "{{$_POST.contact_id}}",
                        "test": ""
                      },
                      {
                        "operator": "equal",
                        "type": "expression",
                        "name": ":P4",
                        "value": "{{$_POST.phone}}",
                        "test": ""
                      },
                      {
                        "operator": "equal",
                        "type": "expression",
                        "name": ":P5",
                        "value": "{{$_POST.created_on}}",
                        "test": ""
                      },
                      {
                        "operator": "equal",
                        "type": "expression",
                        "name": ":P6",
                        "value": "{{$_POST.etcid}}",
                        "test": ""
                      }
                    ],
                    "table": {
                      "name": "engage_callstart"
                    },
                    "primary": "callstart_id",
                    "joins": [],
                    "wheres": {
                      "condition": "AND",
                      "rules": [
                        {
                          "condition": "AND",
                          "rules": [
                            {
                              "id": "engage_callstart.fname",
                              "field": "engage_callstart.fname",
                              "type": "string",
                              "operator": "equal",
                              "value": "{{$_POST.fname}}",
                              "data": {
                                "table": "engage_callstart",
                                "column": "fname",
                                "type": "text",
                                "columnObj": {
                                  "type": "string",
                                  "default": "",
                                  "maxLength": 255,
                                  "primary": false,
                                  "nullable": true,
                                  "name": "fname"
                                }
                              },
                              "operation": "=",
                              "table": "engage_callstart"
                            }
                          ],
                          "conditional": "{{$_POST.fname}}",
                          "table": "engage_callstart",
                          "id": "engage_callstart.undefined"
                        },
                        {
                          "condition": "AND",
                          "rules": [
                            {
                              "id": "engage_callstart.lname",
                              "field": "engage_callstart.lname",
                              "type": "string",
                              "operator": "equal",
                              "value": "{{$_POST.lname}}",
                              "data": {
                                "table": "engage_callstart",
                                "column": "lname",
                                "type": "text",
                                "columnObj": {
                                  "type": "string",
                                  "default": "",
                                  "maxLength": 255,
                                  "primary": false,
                                  "nullable": true,
                                  "name": "lname"
                                }
                              },
                              "operation": "=",
                              "table": "engage_callstart"
                            }
                          ],
                          "conditional": "{{$_POST.lname}}",
                          "table": "engage_callstart",
                          "id": "engage_callstart.undefined"
                        },
                        {
                          "condition": "AND",
                          "rules": [
                            {
                              "id": "engage_callstart.contact_id",
                              "field": "engage_callstart.contact_id",
                              "type": "double",
                              "operator": "equal",
                              "value": "{{$_POST.contact_id}}",
                              "data": {
                                "table": "engage_callstart",
                                "column": "contact_id",
                                "type": "number",
                                "columnObj": {
                                  "type": "integer",
                                  "default": "",
                                  "primary": false,
                                  "nullable": true,
                                  "name": "contact_id"
                                }
                              },
                              "operation": "=",
                              "table": "engage_callstart"
                            }
                          ],
                          "conditional": "{{$_POST.contact_id}}",
                          "table": "engage_callstart",
                          "id": "engage_callstart.undefined"
                        },
                        {
                          "condition": "AND",
                          "rules": [
                            {
                              "id": "engage_callstart.phone",
                              "field": "engage_callstart.phone",
                              "type": "string",
                              "operator": "equal",
                              "value": "{{$_POST.phone}}",
                              "data": {
                                "table": "engage_callstart",
                                "column": "phone",
                                "type": "text",
                                "columnObj": {
                                  "type": "string",
                                  "default": "",
                                  "maxLength": 255,
                                  "primary": false,
                                  "nullable": true,
                                  "name": "phone"
                                }
                              },
                              "operation": "=",
                              "table": "engage_callstart"
                            }
                          ],
                          "conditional": "{{$_POST.phone}}",
                          "table": "engage_callstart",
                          "id": "engage_callstart.undefined"
                        },
                        {
                          "condition": "AND",
                          "rules": [
                            {
                              "id": "engage_callstart.created_on",
                              "field": "engage_callstart.created_on",
                              "type": "datetime",
                              "operator": "equal",
                              "value": "{{$_POST.created_on}}",
                              "data": {
                                "table": "engage_callstart",
                                "column": "created_on",
                                "type": "datetime",
                                "columnObj": {
                                  "type": "datetime",
                                  "default": "current_timestamp()",
                                  "primary": false,
                                  "nullable": true,
                                  "name": "created_on"
                                }
                              },
                              "operation": "=",
                              "table": "engage_callstart"
                            }
                          ],
                          "conditional": "{{$_POST.created_on}}",
                          "table": "engage_callstart",
                          "id": "engage_callstart.undefined"
                        },
                        {
                          "condition": "AND",
                          "rules": [
                            {
                              "id": "engage_callstart.etcid",
                              "field": "engage_callstart.etcid",
                              "type": "double",
                              "operator": "equal",
                              "value": "{{$_POST.etcid}}",
                              "data": {
                                "table": "engage_callstart",
                                "column": "etcid",
                                "type": "number",
                                "columnObj": {
                                  "type": "integer",
                                  "default": "",
                                  "primary": false,
                                  "nullable": true,
                                  "name": "etcid"
                                }
                              },
                              "operation": "=",
                              "table": "engage_callstart"
                            }
                          ],
                          "conditional": "{{$_POST.etcid}}",
                          "table": "engage_callstart",
                          "id": "engage_callstart.undefined"
                        }
                      ],
                      "conditional": null,
                      "valid": true
                    },
                    "query": "select `etcid`, `fname`, `lname`, `created_on`, `phone`, `contact_id` from `engage_callstart` where (`engage_callstart`.`fname` = ?) and (`engage_callstart`.`lname` = ?) and (`engage_callstart`.`contact_id` = ?) and (`engage_callstart`.`phone` = ?) and (`engage_callstart`.`created_on` = ?) and (`engage_callstart`.`etcid` = ?) order by `callstart_id` DESC",
                    "orders": [
                      {
                        "table": "engage_callstart",
                        "column": "callstart_id",
                        "direction": "DESC"
                      }
                    ]
                  }
                },
                "meta": [
                  {
                    "name": "offset",
                    "type": "number"
                  },
                  {
                    "name": "limit",
                    "type": "number"
                  },
                  {
                    "name": "total",
                    "type": "number"
                  },
                  {
                    "name": "page",
                    "type": "object",
                    "sub": [
                      {
                        "name": "offset",
                        "type": "object",
                        "sub": [
                          {
                            "name": "first",
                            "type": "number"
                          },
                          {
                            "name": "prev",
                            "type": "number"
                          },
                          {
                            "name": "next",
                            "type": "number"
                          },
                          {
                            "name": "last",
                            "type": "number"
                          }
                        ]
                      },
                      {
                        "name": "current",
                        "type": "number"
                      },
                      {
                        "name": "total",
                        "type": "number"
                      }
                    ]
                  },
                  {
                    "name": "data",
                    "type": "array",
                    "sub": [
                      {
                        "type": "number",
                        "name": "etcid"
                      },
                      {
                        "type": "text",
                        "name": "fname"
                      },
                      {
                        "type": "text",
                        "name": "lname"
                      },
                      {
                        "type": "datetime",
                        "name": "created_on"
                      },
                      {
                        "type": "text",
                        "name": "phone"
                      },
                      {
                        "type": "number",
                        "name": "contact_id"
                      }
                    ]
                  }
                ],
                "outputType": "object"
              },
              {
                "name": "result",
                "module": "core",
                "action": "setvalue",
                "options": {
                  "key": "result",
                  "value": true
                },
                "meta": [],
                "output": true,
                "outputType": "text"
              },
              {
                "name": "data",
                "module": "core",
                "action": "setvalue",
                "options": {
                  "key": "data",
                  "value": "{{query.data}}"
                },
                "meta": [
                  {
                    "name": "etcid",
                    "type": "number"
                  },
                  {
                    "name": "fname",
                    "type": "text"
                  },
                  {
                    "name": "lname",
                    "type": "text"
                  },
                  {
                    "name": "created_on",
                    "type": "datetime"
                  },
                  {
                    "name": "phone",
                    "type": "text"
                  },
                  {
                    "name": "contact_id",
                    "type": "number"
                  }
                ],
                "outputType": "text",
                "output": true
              }
            ]
          },
          "catch": {
            "steps": [
              {
                "name": "result",
                "module": "core",
                "action": "setvalue",
                "options": {
                  "key": "result",
                  "value": false
                },
                "meta": [],
                "outputType": "text",
                "output": true
              },
              {
                "name": "message",
                "module": "core",
                "action": "setvalue",
                "options": {
                  "key": "message",
                  "value": "{{$_ERROR}}"
                },
                "meta": [],
                "outputType": "text",
                "output": true
              }
            ]
          }
        }
      }
    ]
  }
}