{
  "meta": {
    "$_GET": [
      {
        "type": "text",
        "name": "offset"
      },
      {
        "type": "text",
        "name": "limit"
      },
      {
        "type": "text",
        "name": "sort"
      },
      {
        "type": "text",
        "name": "dir"
      }
    ],
    "$_POST": [
      {
        "type": "text",
        "name": "interation_type"
      },
      {
        "type": "text",
        "name": "agent_username"
      },
      {
        "type": "text",
        "name": "contact_id"
      },
      {
        "type": "text",
        "name": "agent_note"
      },
      {
        "type": "text",
        "name": "etcid"
      },
      {
        "type": "text",
        "name": "created_on"
      },
      {
        "type": "text",
        "name": "start_timestamp"
      },
      {
        "type": "text",
        "name": "end_timestamp"
      },
      {
        "type": "text",
        "name": "acw_start_timestamp"
      },
      {
        "type": "text",
        "name": "acw_end_timestamp"
      }
    ]
  },
  "exec": {
    "steps": [
      {
        "name": "jwtVerify",
        "module": "core",
        "action": "exec",
        "options": {
          "exec": "jwtVerify",
          "params": {
            "token": "{{$_SERVER.HTTP_AUTHORIZATION}}"
          }
        }
      },
      {
        "name": "",
        "module": "core",
        "action": "trycatch",
        "options": {
          "try": {
            "steps": [
              {
                "name": "query",
                "module": "dbconnector",
                "action": "paged",
                "options": {
                  "connection": "appdb01",
                  "sql": {
                    "type": "select",
                    "columns": [
                      {
                        "table": "engage_callend",
                        "column": "interation_type",
                        "aggregate": ""
                      },
                      {
                        "table": "engage_callend",
                        "column": "agent_username",
                        "aggregate": ""
                      },
                      {
                        "table": "engage_callend",
                        "column": "start_timestamp"
                      },
                      {
                        "table": "engage_callend",
                        "column": "end_timestamp"
                      },
                      {
                        "table": "engage_callend",
                        "column": "acw_start_timestamp"
                      },
                      {
                        "table": "engage_callend",
                        "column": "acw_end_timestamp"
                      },
                      {
                        "table": "engage_callend",
                        "column": "contact_id"
                      },
                      {
                        "table": "engage_callend",
                        "column": "agent_note"
                      },
                      {
                        "table": "engage_callend",
                        "column": "etcid"
                      },
                      {
                        "table": "engage_callend",
                        "column": "created_on"
                      }
                    ],
                    "params": [
                      {
                        "operator": "equal",
                        "type": "expression",
                        "name": ":P1",
                        "value": "{{$_POST.interation_type}}",
                        "test": ""
                      },
                      {
                        "operator": "equal",
                        "type": "expression",
                        "name": ":P2",
                        "value": "{{$_POST.agent_username}}",
                        "test": ""
                      },
                      {
                        "operator": "equal",
                        "type": "expression",
                        "name": ":P3",
                        "value": "{{$_POST.start_timestamp}}",
                        "test": ""
                      },
                      {
                        "operator": "equal",
                        "type": "expression",
                        "name": ":P4",
                        "value": "{{$_POST.end_timestamp}}",
                        "test": ""
                      },
                      {
                        "operator": "equal",
                        "type": "expression",
                        "name": ":P5",
                        "value": "{{$_POST.acw_start_timestamp}}",
                        "test": ""
                      },
                      {
                        "operator": "equal",
                        "type": "expression",
                        "name": ":P6",
                        "value": "{{$_POST.acw_end_timestamp}}",
                        "test": ""
                      },
                      {
                        "operator": "equal",
                        "type": "expression",
                        "name": ":P7",
                        "value": "{{$_POST.contact_id}}",
                        "test": ""
                      },
                      {
                        "operator": "equal",
                        "type": "expression",
                        "name": ":P8",
                        "value": "{{$_POST.agent_note}}",
                        "test": ""
                      },
                      {
                        "operator": "equal",
                        "type": "expression",
                        "name": ":P9",
                        "value": "{{$_POST.etcid}}",
                        "test": ""
                      },
                      {
                        "operator": "equal",
                        "type": "expression",
                        "name": ":P10",
                        "value": "{{$_POST.created_on}}",
                        "test": ""
                      }
                    ],
                    "table": {
                      "name": "engage_callend"
                    },
                    "primary": "callend_id",
                    "joins": [],
                    "query": "select `interation_type`, `agent_username`, `start_timestamp`, `end_timestamp`, `acw_start_timestamp`, `acw_end_timestamp`, `contact_id`, `agent_note`, `etcid`, `created_on` from `engage_callend` where (`engage_callend`.`interation_type` = ?) and (`engage_callend`.`agent_username` = ?) and (`engage_callend`.`start_timestamp` = ?) and (`engage_callend`.`end_timestamp` = ?) and (`engage_callend`.`acw_start_timestamp` = ?) and (`engage_callend`.`acw_end_timestamp` = ?) and (`engage_callend`.`contact_id` = ?) and (`engage_callend`.`agent_note` = ?) and (`engage_callend`.`etcid` = ?) and (`engage_callend`.`created_on` = ?) order by `callend_id` DESC",
                    "wheres": {
                      "condition": "AND",
                      "rules": [
                        {
                          "condition": "AND",
                          "rules": [
                            {
                              "id": "engage_callend.interation_type",
                              "field": "engage_callend.interation_type",
                              "type": "string",
                              "operator": "equal",
                              "value": "{{$_POST.interation_type}}",
                              "data": {
                                "table": "engage_callend",
                                "column": "interation_type",
                                "type": "text",
                                "columnObj": {
                                  "type": "string",
                                  "default": "",
                                  "primary": false,
                                  "nullable": true,
                                  "maxLength": 255,
                                  "name": "interation_type"
                                }
                              },
                              "operation": "="
                            }
                          ],
                          "conditional": "{{$_POST.interation_type}}"
                        },
                        {
                          "condition": "AND",
                          "rules": [
                            {
                              "id": "engage_callend.agent_username",
                              "field": "engage_callend.agent_username",
                              "type": "string",
                              "operator": "equal",
                              "value": "{{$_POST.agent_username}}",
                              "data": {
                                "table": "engage_callend",
                                "column": "agent_username",
                                "type": "text",
                                "columnObj": {
                                  "type": "string",
                                  "default": "",
                                  "maxLength": 255,
                                  "primary": false,
                                  "nullable": true,
                                  "name": "agent_username"
                                }
                              },
                              "operation": "="
                            }
                          ],
                          "conditional": "{{$_POST.agent_username}}"
                        },
                        {
                          "condition": "AND",
                          "rules": [
                            {
                              "id": "engage_callend.start_timestamp",
                              "field": "engage_callend.start_timestamp",
                              "type": "datetime",
                              "operator": "equal",
                              "value": "{{$_POST.start_timestamp}}",
                              "data": {
                                "table": "engage_callend",
                                "column": "start_timestamp",
                                "type": "datetime",
                                "columnObj": {
                                  "type": "datetime",
                                  "default": "",
                                  "primary": false,
                                  "nullable": true,
                                  "name": "start_timestamp"
                                }
                              },
                              "operation": "="
                            }
                          ],
                          "conditional": "{{$_POST.start_timestamp}}"
                        },
                        {
                          "condition": "AND",
                          "rules": [
                            {
                              "id": "engage_callend.end_timestamp",
                              "field": "engage_callend.end_timestamp",
                              "type": "datetime",
                              "operator": "equal",
                              "value": "{{$_POST.end_timestamp}}",
                              "data": {
                                "table": "engage_callend",
                                "column": "end_timestamp",
                                "type": "datetime",
                                "columnObj": {
                                  "type": "datetime",
                                  "default": "",
                                  "primary": false,
                                  "nullable": true,
                                  "name": "end_timestamp"
                                }
                              },
                              "operation": "="
                            }
                          ],
                          "conditional": "{{$_POST.end_timestamp}}"
                        },
                        {
                          "condition": "AND",
                          "rules": [
                            {
                              "id": "engage_callend.acw_start_timestamp",
                              "field": "engage_callend.acw_start_timestamp",
                              "type": "datetime",
                              "operator": "equal",
                              "value": "{{$_POST.acw_start_timestamp}}",
                              "data": {
                                "table": "engage_callend",
                                "column": "acw_start_timestamp",
                                "type": "datetime",
                                "columnObj": {
                                  "type": "datetime",
                                  "default": "",
                                  "primary": false,
                                  "nullable": true,
                                  "name": "acw_start_timestamp"
                                }
                              },
                              "operation": "="
                            }
                          ],
                          "conditional": "{{$_POST.acw_start_timestamp}}"
                        },
                        {
                          "condition": "AND",
                          "rules": [
                            {
                              "id": "engage_callend.acw_end_timestamp",
                              "field": "engage_callend.acw_end_timestamp",
                              "type": "datetime",
                              "operator": "equal",
                              "value": "{{$_POST.acw_end_timestamp}}",
                              "data": {
                                "table": "engage_callend",
                                "column": "acw_end_timestamp",
                                "type": "datetime",
                                "columnObj": {
                                  "type": "datetime",
                                  "default": "",
                                  "primary": false,
                                  "nullable": true,
                                  "name": "acw_end_timestamp"
                                }
                              },
                              "operation": "="
                            }
                          ],
                          "conditional": "{{$_POST.acw_end_timestamp}}"
                        },
                        {
                          "condition": "AND",
                          "rules": [
                            {
                              "id": "engage_callend.contact_id",
                              "field": "engage_callend.contact_id",
                              "type": "string",
                              "operator": "equal",
                              "value": "{{$_POST.contact_id}}",
                              "data": {
                                "table": "engage_callend",
                                "column": "contact_id",
                                "type": "text",
                                "columnObj": {
                                  "type": "string",
                                  "default": "",
                                  "primary": false,
                                  "nullable": true,
                                  "maxLength": 100,
                                  "name": "contact_id"
                                }
                              },
                              "operation": "="
                            }
                          ],
                          "conditional": "{{$_POST.contact_id}}"
                        },
                        {
                          "condition": "AND",
                          "rules": [
                            {
                              "id": "engage_callend.agent_note",
                              "field": "engage_callend.agent_note",
                              "type": "string",
                              "operator": "equal",
                              "value": "{{$_POST.agent_note}}",
                              "data": {
                                "table": "engage_callend",
                                "column": "agent_note",
                                "type": "text",
                                "columnObj": {
                                  "type": "string",
                                  "default": "",
                                  "maxLength": 255,
                                  "primary": false,
                                  "nullable": true,
                                  "name": "agent_note"
                                }
                              },
                              "operation": "="
                            }
                          ],
                          "conditional": "{{$_POST.agent_note}}"
                        },
                        {
                          "condition": "AND",
                          "rules": [
                            {
                              "id": "engage_callend.etcid",
                              "field": "engage_callend.etcid",
                              "type": "double",
                              "operator": "equal",
                              "value": "{{$_POST.etcid}}",
                              "data": {
                                "table": "engage_callend",
                                "column": "etcid",
                                "type": "number",
                                "columnObj": {
                                  "type": "integer",
                                  "default": "",
                                  "primary": false,
                                  "nullable": true,
                                  "name": "etcid"
                                }
                              },
                              "operation": "="
                            }
                          ],
                          "conditional": "{{$_POST.etcid}}"
                        },
                        {
                          "condition": "AND",
                          "rules": [
                            {
                              "id": "engage_callend.created_on",
                              "field": "engage_callend.created_on",
                              "type": "datetime",
                              "operator": "equal",
                              "value": "{{$_POST.created_on}}",
                              "data": {
                                "table": "engage_callend",
                                "column": "created_on",
                                "type": "datetime",
                                "columnObj": {
                                  "type": "datetime",
                                  "default": "current_timestamp()",
                                  "primary": false,
                                  "nullable": true,
                                  "name": "created_on"
                                }
                              },
                              "operation": "="
                            }
                          ],
                          "conditional": "{{$_POST.created_on}}"
                        }
                      ],
                      "conditional": null,
                      "valid": true
                    },
                    "orders": [
                      {
                        "table": "engage_callend",
                        "column": "callend_id",
                        "direction": "DESC",
                        "recid": 1
                      }
                    ]
                  }
                },
                "meta": [
                  {
                    "name": "offset",
                    "type": "number"
                  },
                  {
                    "name": "limit",
                    "type": "number"
                  },
                  {
                    "name": "total",
                    "type": "number"
                  },
                  {
                    "name": "page",
                    "type": "object",
                    "sub": [
                      {
                        "name": "offset",
                        "type": "object",
                        "sub": [
                          {
                            "name": "first",
                            "type": "number"
                          },
                          {
                            "name": "prev",
                            "type": "number"
                          },
                          {
                            "name": "next",
                            "type": "number"
                          },
                          {
                            "name": "last",
                            "type": "number"
                          }
                        ]
                      },
                      {
                        "name": "current",
                        "type": "number"
                      },
                      {
                        "name": "total",
                        "type": "number"
                      }
                    ]
                  },
                  {
                    "name": "data",
                    "type": "array",
                    "sub": [
                      {
                        "type": "text",
                        "name": "interation_type"
                      },
                      {
                        "type": "text",
                        "name": "agent_username"
                      },
                      {
                        "type": "datetime",
                        "name": "start_timestamp"
                      },
                      {
                        "type": "datetime",
                        "name": "end_timestamp"
                      },
                      {
                        "type": "datetime",
                        "name": "acw_start_timestamp"
                      },
                      {
                        "type": "datetime",
                        "name": "acw_end_timestamp"
                      },
                      {
                        "type": "text",
                        "name": "contact_id"
                      },
                      {
                        "type": "text",
                        "name": "agent_note"
                      },
                      {
                        "type": "number",
                        "name": "etcid"
                      },
                      {
                        "type": "datetime",
                        "name": "created_on"
                      }
                    ]
                  }
                ],
                "outputType": "object"
              },
              {
                "name": "result",
                "module": "core",
                "action": "setvalue",
                "options": {
                  "key": "result",
                  "value": true
                },
                "meta": [],
                "output": true,
                "outputType": "text"
              },
              {
                "name": "data",
                "module": "core",
                "action": "setvalue",
                "options": {
                  "key": "data",
                  "value": "{{query.data}}"
                },
                "meta": [
                  {
                    "name": "interation_type",
                    "type": "text"
                  },
                  {
                    "name": "agent_username",
                    "type": "text"
                  },
                  {
                    "name": "start_timestamp",
                    "type": "datetime"
                  },
                  {
                    "name": "end_timestamp",
                    "type": "datetime"
                  },
                  {
                    "name": "acw_start_timestamp",
                    "type": "datetime"
                  },
                  {
                    "name": "acw_end_timestamp",
                    "type": "datetime"
                  },
                  {
                    "name": "contact_id",
                    "type": "text"
                  },
                  {
                    "name": "agent_note",
                    "type": "text"
                  },
                  {
                    "name": "etcid",
                    "type": "number"
                  },
                  {
                    "name": "created_on",
                    "type": "datetime"
                  }
                ],
                "outputType": "text",
                "output": true
              }
            ]
          },
          "catch": {
            "steps": [
              {
                "name": "result",
                "module": "core",
                "action": "setvalue",
                "options": {
                  "key": "result",
                  "value": false
                },
                "meta": [],
                "outputType": "text",
                "output": true
              },
              {
                "name": "message",
                "module": "core",
                "action": "setvalue",
                "options": {
                  "key": "message",
                  "value": "{{$_ERROR}}"
                },
                "meta": [],
                "outputType": "text",
                "output": true
              }
            ]
          }
        }
      }
    ]
  }
}