{
  "meta": {
    "$_POST": [
      {
        "type": "text",
        "name": "import_leads"
      },
      {
        "type": "number",
        "name": "response_id"
      },
      {
        "type": "number",
        "name": "live_in_studyarea"
      },
      {
        "type": "text",
        "name": "applinks_pin"
      },
      {
        "type": "number",
        "name": "hh_income"
      },
      {
        "type": "number",
        "name": "hh_size"
      },
      {
        "type": "text",
        "name": "email"
      },
      {
        "type": "text",
        "name": "fname"
      },
      {
        "type": "text",
        "name": "lname"
      },
      {
        "type": "text",
        "name": "address_place"
      },
      {
        "type": "text",
        "name": "address_city"
      },
      {
        "type": "number",
        "name": "address_zip"
      },
      {
        "type": "text",
        "name": "phone"
      },
      {
        "type": "number",
        "name": "address_longi"
      },
      {
        "type": "number",
        "name": "address_lati"
      },
      {
        "type": "array",
        "name": "record",
        "sub": [
          {
            "type": "number",
            "name": "response_id"
          },
          {
            "type": "number",
            "name": "live_in_studyarea"
          },
          {
            "type": "text",
            "name": "applinks_pin"
          },
          {
            "type": "number",
            "name": "hh_income"
          },
          {
            "type": "number",
            "name": "hh_size"
          },
          {
            "type": "text",
            "name": "email"
          },
          {
            "type": "text",
            "name": "fname"
          },
          {
            "type": "text",
            "name": "lname"
          },
          {
            "type": "text",
            "name": "address_place"
          },
          {
            "type": "text",
            "name": "address_city"
          },
          {
            "type": "number",
            "name": "address_zip"
          },
          {
            "type": "text",
            "name": "phone"
          },
          {
            "type": "number",
            "name": "address_longi"
          },
          {
            "type": "number",
            "name": "address_lati"
          },
          {
            "type": "text",
            "name": "address_street"
          },
          {
            "type": "text",
            "name": "address_state"
          }
        ]
      }
    ]
  },
  "exec": {
    "steps": {
      "name": "",
      "module": "core",
      "action": "trycatch",
      "options": {
        "try": {
          "steps": [
            {
              "name": "upload",
              "module": "upload",
              "action": "upload",
              "options": {
                "path": "/app/api/admin/csv/csvs",
                "fields": "{{$_POST.import_leads}}"
              },
              "meta": [
                {
                  "name": "name",
                  "type": "text"
                },
                {
                  "name": "path",
                  "type": "text"
                },
                {
                  "name": "url",
                  "type": "text"
                },
                {
                  "name": "type",
                  "type": "text"
                },
                {
                  "name": "size",
                  "type": "text"
                },
                {
                  "name": "error",
                  "type": "number"
                }
              ],
              "outputType": "array"
            },
            {
              "name": "csvImport",
              "module": "import",
              "action": "csv",
              "options": {
                "path": "{{upload.path}}",
                "fields": [
                  "response_id",
                  "live_in_studyarea",
                  "applinks_pin",
                  "hh_income",
                  "hh_size",
                  "email",
                  "fname",
                  "lname",
                  "address_place",
                  "address_city",
                  "address_zip",
                  "phone",
                  "address_longi",
                  "address_lati"
                ],
                "header": true
              },
              "meta": [
                {
                  "name": "response_id",
                  "type": "text"
                },
                {
                  "name": "live_in_studyarea",
                  "type": "text"
                },
                {
                  "name": "applinks_pin",
                  "type": "text"
                },
                {
                  "name": "hh_income",
                  "type": "text"
                },
                {
                  "name": "hh_size",
                  "type": "text"
                },
                {
                  "name": "email",
                  "type": "text"
                },
                {
                  "name": "fname",
                  "type": "text"
                },
                {
                  "name": "lname",
                  "type": "text"
                },
                {
                  "name": "address_place",
                  "type": "text"
                },
                {
                  "name": "address_city",
                  "type": "text"
                },
                {
                  "name": "address_zip",
                  "type": "text"
                },
                {
                  "name": "phone",
                  "type": "text"
                },
                {
                  "name": "address_longi",
                  "type": "text"
                },
                {
                  "name": "address_lati",
                  "type": "text"
                }
              ],
              "outputType": "array"
            },
            {
              "name": "record_repeat",
              "module": "core",
              "action": "repeat",
              "options": {
                "repeat": "{{csvImport}}",
                "outputFields": [],
                "exec": {
                  "steps": {
                    "name": "record_insert",
                    "module": "dbupdater",
                    "action": "insert",
                    "options": {
                      "connection": "appdb01",
                      "sql": {
                        "type": "insert",
                        "values": [
                          {
                            "table": "leads",
                            "column": "response_id",
                            "type": "number",
                            "value": "{{response_id}}"
                          },
                          {
                            "table": "leads",
                            "column": "fname",
                            "type": "text",
                            "value": "{{fname}}"
                          },
                          {
                            "table": "leads",
                            "column": "lname",
                            "type": "text",
                            "value": "{{lname}}"
                          },
                          {
                            "table": "leads",
                            "column": "email",
                            "type": "text",
                            "value": "{{email}}"
                          },
                          {
                            "table": "leads",
                            "column": "phone",
                            "type": "text",
                            "value": "{{phone}}"
                          },
                          {
                            "table": "leads",
                            "column": "address_place",
                            "type": "text",
                            "value": "{{address_place}}"
                          },
                          {
                            "table": "leads",
                            "column": "address_street",
                            "type": "text",
                            "value": "{{address_street}}"
                          },
                          {
                            "table": "leads",
                            "column": "address_city",
                            "type": "text",
                            "value": "{{address_city}}"
                          },
                          {
                            "table": "leads",
                            "column": "address_zip",
                            "type": "number",
                            "value": "{{address_zip}}"
                          },
                          {
                            "table": "leads",
                            "column": "address_lati",
                            "type": "number",
                            "value": "{{address_lati}}"
                          },
                          {
                            "table": "leads",
                            "column": "address_longi",
                            "type": "number",
                            "value": "{{address_longi}}"
                          }
                        ],
                        "table": "leads",
                        "returning": "id",
                        "query": "insert into `leads` (`address_city`, `address_lati`, `address_longi`, `address_place`, `address_street`, `address_zip`, `email`, `fname`, `lname`, `phone`, `response_id`) values (?, ?, ?, ?, ?, ?, ?, ?, ?, ?, ?)",
                        "params": [
                          {
                            "name": ":P1",
                            "type": "expression",
                            "value": "{{response_id}}",
                            "test": ""
                          },
                          {
                            "name": ":P2",
                            "type": "expression",
                            "value": "{{fname}}",
                            "test": ""
                          },
                          {
                            "name": ":P3",
                            "type": "expression",
                            "value": "{{lname}}",
                            "test": ""
                          },
                          {
                            "name": ":P4",
                            "type": "expression",
                            "value": "{{email}}",
                            "test": ""
                          },
                          {
                            "name": ":P5",
                            "type": "expression",
                            "value": "{{phone}}",
                            "test": ""
                          },
                          {
                            "name": ":P6",
                            "type": "expression",
                            "value": "{{address_place}}",
                            "test": ""
                          },
                          {
                            "name": ":P7",
                            "type": "expression",
                            "value": "{{address_street}}",
                            "test": ""
                          },
                          {
                            "name": ":P8",
                            "type": "expression",
                            "value": "{{address_city}}",
                            "test": ""
                          },
                          {
                            "name": ":P9",
                            "type": "expression",
                            "value": "{{address_zip}}",
                            "test": ""
                          },
                          {
                            "name": ":P10",
                            "type": "expression",
                            "value": "{{address_lati}}",
                            "test": ""
                          },
                          {
                            "name": ":P11",
                            "type": "expression",
                            "value": "{{address_longi}}",
                            "test": ""
                          }
                        ]
                      }
                    },
                    "meta": [
                      {
                        "name": "identity",
                        "type": "text"
                      },
                      {
                        "name": "affected",
                        "type": "number"
                      }
                    ]
                  }
                }
              },
              "meta": [
                {
                  "name": "$index",
                  "type": "number"
                },
                {
                  "name": "$number",
                  "type": "number"
                },
                {
                  "name": "$name",
                  "type": "text"
                },
                {
                  "name": "$value",
                  "type": "object"
                },
                {
                  "name": "response_id",
                  "type": "text"
                },
                {
                  "name": "live_in_studyarea",
                  "type": "text"
                },
                {
                  "name": "applinks_pin",
                  "type": "text"
                },
                {
                  "name": "hh_income",
                  "type": "text"
                },
                {
                  "name": "hh_size",
                  "type": "text"
                },
                {
                  "name": "email",
                  "type": "text"
                },
                {
                  "name": "fname",
                  "type": "text"
                },
                {
                  "name": "lname",
                  "type": "text"
                },
                {
                  "name": "address_place",
                  "type": "text"
                },
                {
                  "name": "address_city",
                  "type": "text"
                },
                {
                  "name": "address_zip",
                  "type": "text"
                },
                {
                  "name": "phone",
                  "type": "text"
                },
                {
                  "name": "address_longi",
                  "type": "text"
                },
                {
                  "name": "address_lati",
                  "type": "text"
                }
              ],
              "outputType": "array"
            },
            {
              "name": "dbtransstart",
              "module": "core",
              "action": "exec",
              "options": {
                "exec": "db/transactionStart"
              }
            },
            {
              "name": "repeat",
              "module": "core",
              "action": "repeat",
              "options": {
                "repeat": "{{csvImport}}",
                "outputFields": [],
                "exec": {
                  "steps": [
                    {
                      "name": "obj",
                      "module": "core",
                      "action": "setvalue",
                      "options": {
                        "value": "{{csvImport[$index].response_id}}"
                      },
                      "meta": [],
                      "outputType": "text",
                      "disabled": true
                    },
                    {
                      "name": "query",
                      "module": "dbconnector",
                      "action": "single",
                      "options": {
                        "connection": "appdb01",
                        "sql": {
                          "type": "select",
                          "columns": [
                            {
                              "table": "leads",
                              "column": "id"
                            }
                          ],
                          "params": [
                            {
                              "operator": "equal",
                              "type": "expression",
                              "name": ":P1",
                              "value": "{{response_id}}",
                              "test": ""
                            },
                            {
                              "operator": "equal",
                              "type": "expression",
                              "name": ":P2",
                              "value": "{{applinks_pin}}",
                              "test": ""
                            }
                          ],
                          "table": {
                            "name": "leads"
                          },
                          "primary": "id",
                          "joins": [],
                          "wheres": {
                            "condition": "OR",
                            "rules": [
                              {
                                "id": "leads.response_id",
                                "field": "leads.response_id",
                                "type": "double",
                                "operator": "equal",
                                "value": "{{response_id}}",
                                "data": {
                                  "table": "leads",
                                  "column": "response_id",
                                  "type": "number",
                                  "columnObj": {
                                    "type": "integer",
                                    "default": "",
                                    "primary": false,
                                    "nullable": true,
                                    "name": "response_id"
                                  }
                                },
                                "operation": "="
                              },
                              {
                                "id": "leads.applinks_pin",
                                "field": "leads.applinks_pin",
                                "type": "string",
                                "operator": "equal",
                                "value": "{{applinks_pin}}",
                                "data": {
                                  "table": "leads",
                                  "column": "applinks_pin",
                                  "type": "text",
                                  "columnObj": {
                                    "type": "string",
                                    "default": "",
                                    "maxLength": 255,
                                    "primary": false,
                                    "nullable": true,
                                    "name": "applinks_pin"
                                  }
                                },
                                "operation": "="
                              }
                            ],
                            "conditional": null,
                            "valid": true
                          },
                          "query": "select `id` from `leads` where `leads`.`response_id` = ? or `leads`.`applinks_pin` = ?"
                        },
                        "test": true
                      },
                      "meta": [
                        {
                          "type": "number",
                          "name": "id"
                        }
                      ],
                      "outputType": "object"
                    },
                    {
                      "name": "",
                      "module": "core",
                      "action": "condition",
                      "options": {
                        "if": "{{query}}",
                        "then": {
                          "steps": [
                            {
                              "name": "Then",
                              "module": "core",
                              "action": "setvalue",
                              "options": {
                                "value": "{{$index+' THEN'}}"
                              },
                              "meta": [],
                              "outputType": "text",
                              "output": true
                            },
                            {
                              "name": "result",
                              "module": "core",
                              "action": "setvalue",
                              "options": {
                                "key": "result",
                                "value": false
                              },
                              "meta": [],
                              "output": true,
                              "outputType": "text",
                              "disabled": true
                            },
                            {
                              "name": "message",
                              "module": "core",
                              "action": "setvalue",
                              "options": {
                                "key": "message",
                                "value": "{{query.applinks_pin+' OR '+query.response_id+' is exists!'}}"
                              },
                              "meta": [
                                {
                                  "name": "id",
                                  "type": "number"
                                }
                              ],
                              "outputType": "text",
                              "output": true,
                              "disabled": true
                            }
                          ]
                        },
                        "else": {
                          "steps": [
                            {
                              "name": "ELSE",
                              "module": "core",
                              "action": "setvalue",
                              "options": {
                                "value": "{{$index+' ELSE'}}"
                              },
                              "meta": [],
                              "outputType": "text",
                              "output": true
                            },
                            {
                              "name": "insert",
                              "module": "dbupdater",
                              "action": "insert",
                              "options": {
                                "connection": "appdb01",
                                "sql": {
                                  "type": "insert",
                                  "values": [
                                    {
                                      "table": "leads",
                                      "column": "response_id",
                                      "type": "number",
                                      "value": "{{response_id}}"
                                    },
                                    {
                                      "table": "leads",
                                      "column": "live_in_studyarea",
                                      "type": "number",
                                      "value": "{{live_in_studyarea.toNumber()}}"
                                    },
                                    {
                                      "table": "leads",
                                      "column": "applinks_pin",
                                      "type": "text",
                                      "value": "{{applinks_pin}}"
                                    },
                                    {
                                      "table": "leads",
                                      "column": "hh_income",
                                      "type": "number",
                                      "value": "{{hh_income.toNumber()}}"
                                    },
                                    {
                                      "table": "leads",
                                      "column": "hh_size",
                                      "type": "number",
                                      "value": "{{hh_size.toNumber()}}"
                                    },
                                    {
                                      "table": "leads",
                                      "column": "email",
                                      "type": "text",
                                      "value": "{{email}}"
                                    },
                                    {
                                      "table": "leads",
                                      "column": "fname",
                                      "type": "text",
                                      "value": "{{fname}}"
                                    },
                                    {
                                      "table": "leads",
                                      "column": "lname",
                                      "type": "text",
                                      "value": "{{lname}}"
                                    },
                                    {
                                      "table": "leads",
                                      "column": "address_place",
                                      "type": "text",
                                      "value": "{{address_place}}"
                                    },
                                    {
                                      "table": "leads",
                                      "column": "address_city",
                                      "type": "text",
                                      "value": "{{address_city}}"
                                    },
                                    {
                                      "table": "leads",
                                      "column": "address_zip",
                                      "type": "number",
                                      "value": "{{address_zip.toNumber}}"
                                    },
                                    {
                                      "table": "leads",
                                      "column": "phone",
                                      "type": "text",
                                      "value": "{{phone}}"
                                    },
                                    {
                                      "table": "leads",
                                      "column": "address_longi",
                                      "type": "number",
                                      "value": "{{address_longi}}"
                                    },
                                    {
                                      "table": "leads",
                                      "column": "address_lati",
                                      "type": "number",
                                      "value": "{{address_lati}}"
                                    }
                                  ],
                                  "table": "leads",
                                  "returning": "id",
                                  "query": "insert into `leads` (`address_city`, `address_lati`, `address_longi`, `address_place`, `address_zip`, `applinks_pin`, `email`, `fname`, `hh_income`, `hh_size`, `live_in_studyarea`, `lname`, `phone`, `response_id`) values (?, ?, ?, ?, ?, ?, ?, ?, ?, ?, ?, ?, ?, ?)",
                                  "params": [
                                    {
                                      "name": ":P1",
                                      "type": "expression",
                                      "value": "{{response_id}}",
                                      "test": ""
                                    },
                                    {
                                      "name": ":P2",
                                      "type": "expression",
                                      "value": "{{live_in_studyarea.toNumber()}}",
                                      "test": ""
                                    },
                                    {
                                      "name": ":P3",
                                      "type": "expression",
                                      "value": "{{applinks_pin}}",
                                      "test": ""
                                    },
                                    {
                                      "name": ":P4",
                                      "type": "expression",
                                      "value": "{{hh_income.toNumber()}}",
                                      "test": ""
                                    },
                                    {
                                      "name": ":P5",
                                      "type": "expression",
                                      "value": "{{hh_size.toNumber()}}",
                                      "test": ""
                                    },
                                    {
                                      "name": ":P6",
                                      "type": "expression",
                                      "value": "{{email}}",
                                      "test": ""
                                    },
                                    {
                                      "name": ":P7",
                                      "type": "expression",
                                      "value": "{{fname}}",
                                      "test": ""
                                    },
                                    {
                                      "name": ":P8",
                                      "type": "expression",
                                      "value": "{{lname}}",
                                      "test": ""
                                    },
                                    {
                                      "name": ":P9",
                                      "type": "expression",
                                      "value": "{{address_place}}",
                                      "test": ""
                                    },
                                    {
                                      "name": ":P10",
                                      "type": "expression",
                                      "value": "{{address_city}}",
                                      "test": ""
                                    },
                                    {
                                      "name": ":P11",
                                      "type": "expression",
                                      "value": "{{address_zip.toNumber}}",
                                      "test": ""
                                    },
                                    {
                                      "name": ":P12",
                                      "type": "expression",
                                      "value": "{{phone}}",
                                      "test": ""
                                    },
                                    {
                                      "name": ":P13",
                                      "type": "expression",
                                      "value": "{{address_longi}}",
                                      "test": ""
                                    },
                                    {
                                      "name": ":P14",
                                      "type": "expression",
                                      "value": "{{address_lati}}",
                                      "test": ""
                                    }
                                  ]
                                }
                              },
                              "meta": [
                                {
                                  "name": "identity",
                                  "type": "text"
                                },
                                {
                                  "name": "affected",
                                  "type": "number"
                                }
                              ],
                              "disabled": true
                            },
                            {
                              "name": "result",
                              "module": "core",
                              "action": "setvalue",
                              "options": {
                                "key": "result",
                                "value": true
                              },
                              "meta": [],
                              "output": true,
                              "outputType": "text",
                              "disabled": true
                            }
                          ]
                        }
                      },
                      "outputType": "boolean"
                    }
                  ]
                }
              },
              "meta": [
                {
                  "name": "$index",
                  "type": "number"
                },
                {
                  "name": "$number",
                  "type": "number"
                },
                {
                  "name": "$name",
                  "type": "text"
                },
                {
                  "name": "$value",
                  "type": "object"
                },
                {
                  "name": "response_id",
                  "type": "text"
                },
                {
                  "name": "live_in_studyarea",
                  "type": "text"
                },
                {
                  "name": "applinks_pin",
                  "type": "text"
                },
                {
                  "name": "hh_income",
                  "type": "text"
                },
                {
                  "name": "hh_size",
                  "type": "text"
                },
                {
                  "name": "email",
                  "type": "text"
                },
                {
                  "name": "fname",
                  "type": "text"
                },
                {
                  "name": "lname",
                  "type": "text"
                },
                {
                  "name": "address_place",
                  "type": "text"
                },
                {
                  "name": "address_city",
                  "type": "text"
                },
                {
                  "name": "address_zip",
                  "type": "text"
                },
                {
                  "name": "phone",
                  "type": "text"
                },
                {
                  "name": "address_longi",
                  "type": "text"
                },
                {
                  "name": "address_lati",
                  "type": "text"
                },
                {
                  "name": "Then",
                  "type": "text",
                  "sub": []
                },
                {
                  "name": "ELSE",
                  "type": "text",
                  "sub": []
                },
                {
                  "name": "result",
                  "type": "text",
                  "sub": []
                },
                {
                  "name": "message",
                  "type": "text",
                  "sub": [
                    {
                      "name": "id",
                      "type": "number"
                    }
                  ]
                }
              ],
              "outputType": "array",
              "output": true
            },
            {
              "name": "dbtranscommit",
              "module": "core",
              "action": "exec",
              "options": {
                "exec": "db/transactionCommit"
              }
            },
            {
              "name": "result",
              "module": "core",
              "action": "setvalue",
              "options": {
                "key": "result",
                "value": true
              },
              "meta": [],
              "output": true,
              "outputType": "text"
            }
          ]
        },
        "catch": {
          "steps": [
            {
              "name": "dbtransrollback",
              "module": "core",
              "action": "exec",
              "options": {
                "exec": "db/transactionRollback"
              }
            },
            {
              "name": "message",
              "module": "core",
              "action": "setvalue",
              "options": {
                "key": "message",
                "value": "{{$_ERROR}}"
              },
              "meta": [],
              "outputType": "text",
              "output": true
            },
            {
              "name": "result",
              "module": "core",
              "action": "setvalue",
              "options": {
                "key": "result",
                "value": false
              },
              "meta": [],
              "output": true,
              "outputType": "text"
            }
          ]
        }
      }
    }
  }
}