{
  "type": "mysql",
  "connection": {
    "host": "localhost",
    "port": 3306,
    "user": "root",
    "password": "home1234",
    "database": "hhts_global"
  },
  "direct": true,
  "schema": {
    "tables": {
      "test": {
        "db": {
          "engine": "InnoDB",
          "schema": "hhts_global",
          "collation": "utf8mb4_general_ci",
          "system_versioned": false
        },
        "columns": {
          "id": {
            "db": {
              "type": "increments",
              "primary": true,
              "nullable": false
            }
          },
          "name": {
            "db": {
              "type": "string",
              "default": "",
              "maxLength": 100,
              "primary": false,
              "nullable": true
            }
          },
          "email": {
            "db": {
              "type": "string",
              "default": "",
              "maxLength": 255,
              "primary": false,
              "nullable": true
            }
          },
          "dob": {
            "db": {
              "type": "date",
              "default": "",
              "primary": false,
              "nullable": true
            }
          },
          "created_on": {
            "db": {
              "type": "datetime",
              "default": "",
              "primary": false,
              "nullable": true
            }
          },
          "updated_on": {
            "db": {
              "type": "datetime",
              "default": "",
              "primary": false,
              "nullable": true
            }
          }
        }
      },
      "roles": {
        "db": {
          "engine": "InnoDB",
          "schema": "hhts_global",
          "collation": "utf8mb4_general_ci",
          "system_versioned": false
        },
        "columns": {
          "role_id": {
            "db": {
              "type": "increments",
              "primary": true,
              "nullable": false
            }
          },
          "role_name": {
            "db": {
              "type": "string",
              "default": "",
              "maxLength": 255,
              "primary": false,
              "nullable": true
            }
          },
          "role_description": {
            "db": {
              "type": "text",
              "default": "",
              "maxLength": 65535,
              "primary": false,
              "nullable": true
            }
          },
          "created_on": {
            "db": {
              "type": "datetime",
              "default": "current_timestamp()",
              "primary": false,
              "nullable": true
            }
          },
          "created_by": {
            "db": {
              "type": "integer",
              "default": "",
              "primary": false,
              "nullable": true
            }
          },
          "updated_on": {
            "db": {
              "type": "datetime",
              "default": "",
              "primary": false,
              "nullable": true
            }
          },
          "updated_by": {
            "db": {
              "type": "integer",
              "default": "",
              "primary": false,
              "nullable": true
            }
          }
        },
        "refs": {
          "users": "role_id"
        }
      },
      "users": {
        "db": {
          "engine": "InnoDB",
          "schema": "hhts_global",
          "collation": "utf8mb4_general_ci",
          "system_versioned": false
        },
        "columns": {
          "id": {
            "db": {
              "type": "increments",
              "primary": true,
              "nullable": false
            }
          },
          "name": {
            "db": {
              "type": "string",
              "default": "",
              "maxLength": 255,
              "primary": false,
              "nullable": true
            }
          },
          "email": {
            "db": {
              "type": "string",
              "default": "",
              "maxLength": 255,
              "primary": false,
              "nullable": true
            }
          },
          "user_name": {
            "db": {
              "type": "string",
              "default": "",
              "maxLength": 255,
              "primary": false,
              "nullable": true
            }
          },
          "password": {
            "db": {
              "type": "string",
              "default": "",
              "maxLength": 255,
              "primary": false,
              "nullable": true
            }
          },
          "role_id": {
            "db": {
              "type": "reference",
              "default": "",
              "primary": false,
              "nullable": true,
              "references": "role_id",
              "inTable": "roles",
              "referenceType": "integer",
              "onUpdate": "CASCADE",
              "onDelete": "CASCADE"
            }
          },
          "is_active": {
            "db": {
              "type": "integer",
              "default": "",
              "primary": false,
              "nullable": true
            }
          },
          "created_on": {
            "db": {
              "type": "datetime",
              "default": "current_timestamp()",
              "primary": false,
              "nullable": true
            }
          },
          "created_by": {
            "db": {
              "type": "integer",
              "default": "",
              "primary": false,
              "nullable": true
            }
          },
          "updated_on": {
            "db": {
              "type": "datetime",
              "default": "",
              "primary": false,
              "nullable": true
            }
          },
          "updated_by": {
            "db": {
              "type": "integer",
              "default": "",
              "primary": false,
              "nullable": true
            }
          }
        },
        "sub": {
          "user_permissions": "user_id",
          "user_projects": "user_id"
        },
        "refs": {
          "batch_lead": "user_id",
          "leads": "assigned_to"
        }
      },
      "labels_app": {
        "db": {
          "engine": "InnoDB",
          "schema": "hhts_global",
          "collation": "utf8mb4_general_ci",
          "system_versioned": false
        },
        "columns": {
          "screen": {
            "db": {
              "type": "string",
              "maxLength": 60,
              "primary": true,
              "nullable": false
            }
          },
          "field": {
            "db": {
              "type": "string",
              "maxLength": 60,
              "primary": true,
              "nullable": false
            }
          },
          "type": {
            "db": {
              "type": "string",
              "maxLength": 60,
              "primary": true,
              "nullable": false
            }
          },
          "en": {
            "db": {
              "type": "text",
              "default": "",
              "maxLength": 65535,
              "primary": false,
              "nullable": true
            }
          }
        }
      },
      "projects": {
        "db": {
          "engine": "InnoDB",
          "schema": "hhts_global",
          "collation": "utf8mb4_general_ci",
          "system_versioned": false
        },
        "columns": {
          "project_id": {
            "db": {
              "type": "increments",
              "primary": true,
              "nullable": false
            }
          },
          "project_name": {
            "db": {
              "type": "string",
              "default": "",
              "maxLength": 100,
              "primary": false,
              "nullable": true
            }
          },
          "project_description": {
            "db": {
              "type": "text",
              "default": "",
              "maxLength": 65535,
              "primary": false,
              "nullable": true
            }
          },
          "project_code": {
            "db": {
              "type": "string",
              "default": "",
              "maxLength": 60,
              "primary": false,
              "nullable": true
            }
          },
          "etc_project_number": {
            "db": {
              "type": "string",
              "default": "",
              "maxLength": 60,
              "primary": false,
              "nullable": true
            }
          },
          "start_year": {
            "db": {
              "type": "integer",
              "default": "",
              "primary": false,
              "nullable": true
            }
          },
          "client_name": {
            "db": {
              "type": "string",
              "default": "",
              "maxLength": 100,
              "primary": false,
              "nullable": true
            }
          },
          "project_status": {
            "db": {
              "type": "string",
              "default": "",
              "maxLength": 20,
              "primary": false,
              "nullable": true
            }
          },
          "project_timezone": {
            "db": {
              "type": "string",
              "default": "",
              "maxLength": 60,
              "primary": false,
              "nullable": true
            }
          },
          "is_active": {
            "db": {
              "type": "boolean",
              "default": "1",
              "primary": false,
              "nullable": true
            }
          },
          "created_on": {
            "db": {
              "type": "datetime",
              "default": "",
              "primary": false,
              "nullable": true
            }
          },
          "created_by": {
            "db": {
              "type": "integer",
              "default": "",
              "primary": false,
              "nullable": true
            }
          },
          "updated_on": {
            "db": {
              "type": "datetime",
              "default": "",
              "primary": false,
              "nullable": true
            }
          },
          "updated_by": {
            "db": {
              "type": "integer",
              "default": "",
              "primary": false,
              "nullable": true
            }
          }
        },
        "refs": {
          "user_projects": "project_id",
          "history_actions": "project_id",
          "leads": "project_id"
        }
      },
      "user_permissions": {
        "db": {
          "engine": "InnoDB",
          "schema": "hhts_global",
          "collation": "utf8mb4_general_ci",
          "system_versioned": false
        },
        "parent": "users"
      },
      "user_projects": {
        "db": {
          "engine": "InnoDB",
          "schema": "hhts_global",
          "collation": "utf8mb4_general_ci",
          "system_versioned": false
        },
        "parent": "users"
      },
      "permissions": {
        "db": {
          "engine": "InnoDB",
          "schema": "hhts_global",
          "collation": "utf8mb4_general_ci",
          "system_versioned": false
        },
        "columns": {
          "permission_id": {
            "db": {
              "type": "increments",
              "primary": true,
              "nullable": false
            }
          },
          "permission_name": {
            "db": {
              "type": "string",
              "default": "",
              "maxLength": 255,
              "primary": false,
              "nullable": true
            }
          },
          "permission_description": {
            "db": {
              "type": "string",
              "default": "",
              "maxLength": 255,
              "primary": false,
              "nullable": true
            }
          },
          "created_on": {
            "db": {
              "type": "datetime",
              "default": "current_timestamp()",
              "primary": false,
              "nullable": true
            }
          },
          "created_by": {
            "db": {
              "type": "integer",
              "default": "",
              "primary": false,
              "nullable": true
            }
          },
          "updated_by": {
            "db": {
              "type": "integer",
              "default": "",
              "primary": false,
              "nullable": true
            }
          },
          "updated_on": {
            "db": {
              "type": "datetime",
              "default": "",
              "primary": false,
              "nullable": true
            }
          },
          "category": {
            "db": {
              "type": "integer",
              "default": "",
              "primary": false,
              "nullable": true
            }
          }
        },
        "refs": {
          "user_permissions": "permission_id"
        }
      },
      "batch_lead": {
        "db": {
          "engine": "InnoDB",
          "schema": "hhts_global",
          "collation": "utf8mb4_general_ci",
          "system_versioned": false
        },
        "columns": {
          "batch_lead_id": {
            "db": {
              "type": "increments",
              "primary": true,
              "nullable": false
            }
          },
          "batch_label": {
            "db": {
              "type": "string",
              "default": "",
              "maxLength": 255,
              "primary": false,
              "nullable": true
            }
          },
          "lead_id": {
            "db": {
              "type": "text",
              "default": "",
              "maxLength": 65535,
              "primary": false,
              "nullable": true
            }
          },
          "lead_type": {
            "db": {
              "type": "string",
              "default": "",
              "maxLength": 255,
              "primary": false,
              "nullable": true
            }
          },
          "user_id": {
            "db": {
              "type": "reference",
              "default": "",
              "primary": false,
              "nullable": true,
              "references": "id",
              "inTable": "users",
              "referenceType": "integer",
              "onUpdate": "CASCADE",
              "onDelete": "CASCADE"
            }
          },
          "records_count": {
            "db": {
              "type": "integer",
              "default": "",
              "primary": false,
              "nullable": true
            }
          },
          "created_on": {
            "db": {
              "type": "datetime",
              "default": "",
              "primary": false,
              "nullable": true
            }
          },
          "created_by": {
            "db": {
              "type": "integer",
              "default": "",
              "primary": false,
              "nullable": true
            }
          },
          "updated_on": {
            "db": {
              "type": "datetime",
              "default": "",
              "primary": false,
              "nullable": true
            }
          },
          "updated_by": {
            "db": {
              "type": "integer",
              "default": "",
              "primary": false,
              "nullable": true
            }
          }
        }
      },
      "review_tag": {
        "db": {
          "engine": "InnoDB",
          "schema": "hhts_global",
          "collation": "utf8mb4_general_ci",
          "system_versioned": false
        },
        "columns": {
          "id": {
            "db": {
              "type": "increments",
              "primary": true,
              "nullable": false
            }
          },
          "tag": {
            "db": {
              "type": "string",
              "default": "",
              "maxLength": 255,
              "primary": false,
              "nullable": true
            }
          },
          "description": {
            "db": {
              "type": "text",
              "default": "",
              "maxLength": 65535,
              "primary": false,
              "nullable": true
            }
          },
          "status": {
            "db": {
              "type": "integer",
              "default": "",
              "primary": false,
              "nullable": true
            }
          },
          "created_by": {
            "db": {
              "type": "integer",
              "default": "",
              "primary": false,
              "nullable": true
            }
          },
          "created_on": {
            "db": {
              "type": "datetime",
              "default": "",
              "primary": false,
              "nullable": true
            }
          },
          "updated_on": {
            "db": {
              "type": "datetime",
              "default": "",
              "primary": false,
              "nullable": true
            }
          },
          "updated_by": {
            "db": {
              "type": "integer",
              "default": "",
              "primary": false,
              "nullable": true
            }
          }
        }
      },
      "history_actions": {
        "db": {
          "engine": "InnoDB",
          "schema": "hhts_global",
          "collation": "utf8mb4_general_ci",
          "system_versioned": false
        },
        "columns": {
          "history_id": {
            "db": {
              "type": "increments",
              "primary": true,
              "nullable": false
            }
          },
          "lead_id": {
            "db": {
              "type": "reference",
              "default": "",
              "primary": false,
              "nullable": true,
              "references": "id",
              "inTable": "leads",
              "referenceType": "integer",
              "onUpdate": "CASCADE",
              "onDelete": "CASCADE"
            }
          },
          "lead_type": {
            "db": {
              "type": "string",
              "default": "",
              "maxLength": 255,
              "primary": false,
              "nullable": true
            }
          },
          "lead_action_id": {
            "db": {
              "type": "integer",
              "default": "",
              "primary": false,
              "nullable": true
            }
          },
          "lead_status": {
            "db": {
              "type": "integer",
              "default": "",
              "primary": false,
              "nullable": true
            }
          },
          "action_note": {
            "db": {
              "type": "string",
              "default": "",
              "maxLength": 255,
              "primary": false,
              "nullable": true
            }
          },
          "batch_id": {
            "db": {
              "type": "integer",
              "default": "",
              "primary": false,
              "nullable": true
            }
          },
          "project_id": {
            "db": {
              "type": "reference",
              "default": "",
              "primary": false,
              "nullable": true,
              "references": "project_id",
              "inTable": "projects",
              "referenceType": "integer",
              "onUpdate": "CASCADE",
              "onDelete": "CASCADE"
            }
          },
          "assign_to": {
            "db": {
              "type": "integer",
              "default": "",
              "primary": false,
              "nullable": true
            }
          },
          "created_by": {
            "db": {
              "type": "integer",
              "default": "current_timestamp()",
              "primary": false,
              "nullable": true
            }
          },
          "created_on": {
            "db": {
              "type": "datetime",
              "default": "current_timestamp()",
              "primary": false,
              "nullable": true
            }
          },
          "updated_on": {
            "db": {
              "type": "datetime",
              "default": "",
              "primary": false,
              "nullable": true
            }
          },
          "updated_by": {
            "db": {
              "type": "integer",
              "default": "",
              "primary": false,
              "nullable": true
            }
          }
        }
      },
      "lead_review_tag": {
        "db": {
          "engine": "InnoDB",
          "schema": "hhts_global",
          "collation": "utf8mb4_general_ci",
          "system_versioned": false
        },
        "parent": "leads"
      },
      "leads": {
        "db": {
          "engine": "InnoDB",
          "schema": "hhts_global",
          "collation": "utf8mb4_general_ci",
          "system_versioned": false
        },
        "columns": {
          "id": {
            "db": {
              "type": "increments",
              "primary": true,
              "nullable": false
            }
          },
          "response_id": {
            "db": {
              "type": "integer",
              "default": "",
              "primary": false,
              "nullable": true
            }
          },
          "date": {
            "db": {
              "type": "datetime",
              "default": "",
              "primary": false,
              "nullable": true
            }
          },
          "adsource": {
            "db": {
              "type": "string",
              "default": "",
              "maxLength": 255,
              "primary": false,
              "nullable": true
            }
          },
          "student_status": {
            "db": {
              "type": "integer",
              "default": "",
              "primary": false,
              "nullable": true
            }
          },
          "source_project": {
            "db": {
              "type": "string",
              "default": "",
              "maxLength": 255,
              "primary": false,
              "nullable": true
            }
          },
          "fname": {
            "db": {
              "type": "string",
              "default": "",
              "maxLength": 255,
              "primary": false,
              "nullable": true
            }
          },
          "lname": {
            "db": {
              "type": "string",
              "default": "",
              "maxLength": 255,
              "primary": false,
              "nullable": true
            }
          },
          "email": {
            "db": {
              "type": "string",
              "default": "",
              "maxLength": 255,
              "primary": false,
              "nullable": true
            }
          },
          "phone": {
            "db": {
              "type": "string",
              "default": "",
              "maxLength": 100,
              "primary": false,
              "nullable": true
            }
          },
          "address_place": {
            "db": {
              "type": "string",
              "default": "",
              "maxLength": 255,
              "primary": false,
              "nullable": true
            }
          },
          "address_street": {
            "db": {
              "type": "string",
              "default": "",
              "maxLength": 255,
              "primary": false,
              "nullable": true
            }
          },
          "address_city": {
            "db": {
              "type": "string",
              "default": "",
              "maxLength": 255,
              "primary": false,
              "nullable": true
            }
          },
          "address_state": {
            "db": {
              "type": "string",
              "default": "",
              "maxLength": 255,
              "primary": false,
              "nullable": true
            }
          },
          "address_zip": {
            "db": {
              "type": "integer",
              "default": "",
              "primary": false,
              "nullable": true
            }
          },
          "address_lati": {
            "db": {
              "type": "float",
              "default": "",
              "primary": false,
              "nullable": true
            }
          },
          "address_longi": {
            "db": {
              "type": "float",
              "default": "",
              "primary": false,
              "nullable": true
            }
          },
          "howheardsrc": {
            "db": {
              "type": "string",
              "default": "",
              "maxLength": 255,
              "primary": false,
              "nullable": true
            }
          },
          "prefcomms": {
            "db": {
              "type": "string",
              "default": "",
              "maxLength": 255,
              "primary": false,
              "nullable": true
            }
          },
          "ok2sms": {
            "db": {
              "type": "integer",
              "default": "",
              "primary": false,
              "nullable": true
            }
          },
          "notifysurv": {
            "db": {
              "type": "integer",
              "default": "",
              "primary": false,
              "nullable": true
            }
          },
          "project_id": {
            "db": {
              "type": "reference",
              "default": "",
              "primary": false,
              "nullable": true,
              "references": "project_id",
              "inTable": "projects",
              "referenceType": "integer",
              "onUpdate": "CASCADE",
              "onDelete": "CASCADE"
            }
          },
          "camp_resident": {
            "db": {
              "type": "string",
              "default": "",
              "maxLength": 255,
              "primary": false,
              "nullable": true
            }
          },
          "dormitory": {
            "db": {
              "type": "integer",
              "default": "",
              "primary": false,
              "nullable": true
            }
          },
          "dormitory_other": {
            "db": {
              "type": "string",
              "default": "",
              "maxLength": 255,
              "primary": false,
              "nullable": true
            }
          },
          "married_spouse": {
            "db": {
              "type": "integer",
              "default": "",
              "primary": false,
              "nullable": true
            }
          },
          "other_rommate_nonttu": {
            "db": {
              "type": "integer",
              "default": "",
              "primary": false,
              "nullable": true
            }
          },
          "live_with_parents": {
            "db": {
              "type": "integer",
              "default": "",
              "primary": false,
              "nullable": true
            }
          },
          "applinks_pin": {
            "db": {
              "type": "string",
              "default": "",
              "maxLength": 255,
              "primary": false,
              "nullable": true
            }
          },
          "live_in_studyarea": {
            "db": {
              "type": "integer",
              "default": "",
              "primary": false,
              "nullable": true
            }
          },
          "hh_income": {
            "db": {
              "type": "integer",
              "default": "",
              "primary": false,
              "nullable": true
            }
          },
          "hh_size": {
            "db": {
              "type": "integer",
              "default": "",
              "primary": false,
              "nullable": true
            }
          },
          "assigned_to": {
            "db": {
              "type": "reference",
              "default": "",
              "primary": false,
              "nullable": true,
              "references": "id",
              "inTable": "users",
              "referenceType": "integer",
              "onUpdate": "CASCADE",
              "onDelete": "CASCADE"
            }
          },
          "lead_status": {
            "db": {
              "type": "integer",
              "default": "",
              "primary": false,
              "nullable": true
            }
          },
          "created_on": {
            "db": {
              "type": "datetime",
              "default": "current_timestamp()",
              "primary": false,
              "nullable": true
            }
          },
          "created_by": {
            "db": {
              "type": "integer",
              "default": "",
              "primary": false,
              "nullable": true
            }
          },
          "updated_on": {
            "db": {
              "type": "datetime",
              "default": "",
              "primary": false,
              "nullable": true
            }
          },
          "updated_by": {
            "db": {
              "type": "integer",
              "default": "",
              "primary": false,
              "nullable": true
            }
          }
        },
        "refs": {
          "history_actions": "lead_id",
          "qualify": "lead_id"
        },
        "sub": {
          "lead_review_tag": "lead_id"
        }
      },
      "engage_callstart": {
        "db": {
          "engine": "InnoDB",
          "schema": "hhts_global",
          "collation": "utf8mb4_general_ci",
          "system_versioned": false
        },
        "columns": {
          "callstart_id": {
            "db": {
              "type": "increments",
              "primary": true,
              "nullable": false
            }
          },
          "etcid": {
            "db": {
              "type": "integer",
              "default": "",
              "primary": false,
              "nullable": true
            }
          },
          "fname": {
            "db": {
              "type": "string",
              "default": "",
              "maxLength": 255,
              "primary": false,
              "nullable": true
            }
          },
          "lname": {
            "db": {
              "type": "string",
              "default": "",
              "maxLength": 255,
              "primary": false,
              "nullable": true
            }
          },
          "phone": {
            "db": {
              "type": "string",
              "default": "",
              "maxLength": 255,
              "primary": false,
              "nullable": true
            }
          },
          "apidata": {
            "db": {
              "type": "text",
              "default": "",
              "maxLength": 65535,
              "primary": false,
              "nullable": true
            }
          },
          "contact_id": {
            "db": {
              "type": "integer",
              "default": "",
              "primary": false,
              "nullable": true
            }
          },
          "created_on": {
            "db": {
              "type": "datetime",
              "default": "current_timestamp()",
              "primary": false,
              "nullable": true
            }
          }
        }
      },
      "engage_callend": {
        "db": {
          "engine": "InnoDB",
          "schema": "hhts_global",
          "collation": "utf8mb4_general_ci",
          "system_versioned": false
        },
        "columns": {
          "callend_id": {
            "db": {
              "type": "increments",
              "primary": true,
              "nullable": false
            }
          },
          "etcid": {
            "db": {
              "type": "integer",
              "default": "",
              "primary": false,
              "nullable": true
            }
          },
          "interation_type": {
            "db": {
              "type": "string",
              "default": "",
              "primary": false,
              "nullable": true,
              "maxLength": 255
            }
          },
          "agent_username": {
            "db": {
              "type": "string",
              "default": "",
              "maxLength": 255,
              "primary": false,
              "nullable": true
            }
          },
          "start_timestamp": {
            "db": {
              "type": "datetime",
              "default": "",
              "primary": false,
              "nullable": true
            }
          },
          "end_timestamp": {
            "db": {
              "type": "datetime",
              "default": "",
              "primary": false,
              "nullable": true
            }
          },
          "acw_start_timestamp": {
            "db": {
              "type": "datetime",
              "default": "",
              "primary": false,
              "nullable": true
            }
          },
          "acw_end_timestamp": {
            "db": {
              "type": "datetime",
              "default": "",
              "primary": false,
              "nullable": true
            }
          },
          "recording_s3_location": {
            "db": {
              "type": "string",
              "default": "",
              "maxLength": 255,
              "primary": false,
              "nullable": true
            }
          },
          "recording_url": {
            "db": {
              "type": "string",
              "default": "",
              "maxLength": 100,
              "primary": false,
              "nullable": true
            }
          },
          "resolution_codes": {
            "db": {
              "type": "text",
              "default": "",
              "maxLength": 65535,
              "primary": false,
              "nullable": true
            }
          },
          "agent_note": {
            "db": {
              "type": "string",
              "default": "",
              "maxLength": 255,
              "primary": false,
              "nullable": true
            }
          },
          "contact_id": {
            "db": {
              "type": "string",
              "default": "",
              "primary": false,
              "nullable": true,
              "maxLength": 100
            }
          },
          "created_on": {
            "db": {
              "type": "datetime",
              "default": "current_timestamp()",
              "primary": false,
              "nullable": true
            }
          }
        }
      },
      "lead_status": {
        "db": {
          "engine": "InnoDB",
          "schema": "hhts_global",
          "collation": "utf8mb4_general_ci",
          "system_versioned": false
        },
        "columns": {
          "lead_status_id": {
            "db": {
              "type": "increments",
              "primary": true,
              "nullable": false
            }
          },
          "name": {
            "db": {
              "type": "string",
              "default": "",
              "maxLength": 255,
              "primary": false,
              "nullable": true
            }
          },
          "created_by": {
            "db": {
              "type": "integer",
              "default": "",
              "primary": false,
              "nullable": true
            }
          },
          "created_on": {
            "db": {
              "type": "datetime",
              "default": "",
              "primary": false,
              "nullable": true
            }
          },
          "updated_on": {
            "db": {
              "type": "datetime",
              "default": "",
              "primary": false,
              "nullable": true
            }
          },
          "updated_by": {
            "db": {
              "type": "integer",
              "default": "",
              "primary": false,
              "nullable": true
            }
          }
        }
      },
      "qualify": {
        "db": {
          "engine": "InnoDB",
          "schema": "hhts_global",
          "collation": "utf8mb4_general_ci",
          "system_versioned": false
        },
        "columns": {
          "qualify_id": {
            "db": {
              "type": "increments",
              "primary": true,
              "nullable": false
            }
          },
          "lead_id": {
            "db": {
              "type": "reference",
              "default": "",
              "primary": false,
              "nullable": true,
              "references": "id",
              "inTable": "leads",
              "referenceType": "integer",
              "onUpdate": "CASCADE",
              "onDelete": "CASCADE"
            }
          },
          "name": {
            "db": {
              "type": "string",
              "default": "",
              "maxLength": 255,
              "primary": false,
              "nullable": true
            }
          },
          "email": {
            "db": {
              "type": "string",
              "default": "",
              "maxLength": 255,
              "primary": false,
              "nullable": true
            }
          },
          "phone": {
            "db": {
              "type": "string",
              "default": "",
              "maxLength": 20,
              "primary": false,
              "nullable": true
            }
          },
          "current_address": {
            "db": {
              "type": "integer",
              "default": "",
              "primary": false,
              "nullable": true
            }
          },
          "address_placename": {
            "db": {
              "type": "string",
              "default": "",
              "maxLength": 255,
              "primary": false,
              "nullable": true
            }
          },
          "address_street": {
            "db": {
              "type": "string",
              "default": "",
              "maxLength": 255,
              "primary": false,
              "nullable": true
            }
          },
          "address_city": {
            "db": {
              "type": "string",
              "default": "",
              "maxLength": 255,
              "primary": false,
              "nullable": true
            }
          },
          "address_state": {
            "db": {
              "type": "string",
              "default": "",
              "maxLength": 255,
              "primary": false,
              "nullable": true
            }
          },
          "address_zip": {
            "db": {
              "type": "string",
              "default": "",
              "maxLength": 10,
              "primary": false,
              "nullable": true
            }
          },
          "address_lat": {
            "db": {
              "type": "float",
              "default": "",
              "primary": false,
              "nullable": true
            }
          },
          "address_lng": {
            "db": {
              "type": "float",
              "default": "",
              "primary": false,
              "nullable": true
            }
          },
          "studyarea": {
            "db": {
              "type": "string",
              "default": "",
              "maxLength": 100,
              "primary": false,
              "nullable": true
            }
          },
          "number_persons": {
            "db": {
              "type": "integer",
              "default": "",
              "primary": false,
              "nullable": true
            }
          },
          "hh_welcome_number_employed": {
            "db": {
              "type": "integer",
              "default": "",
              "primary": false,
              "nullable": true
            }
          },
          "hh_welcome_income": {
            "db": {
              "type": "integer",
              "default": "",
              "primary": false,
              "nullable": true
            }
          },
          "qualify_status": {
            "db": {
              "type": "integer",
              "default": "",
              "primary": false,
              "nullable": true
            }
          },
          "note": {
            "db": {
              "type": "text",
              "default": "",
              "maxLength": 65535,
              "primary": false,
              "nullable": true
            }
          },
          "created_on": {
            "db": {
              "type": "datetime",
              "default": "current_timestamp()",
              "primary": false,
              "nullable": true
            }
          },
          "created_by": {
            "db": {
              "type": "integer",
              "default": "",
              "primary": false,
              "nullable": true
            }
          },
          "updated_on": {
            "db": {
              "type": "datetime",
              "default": "",
              "primary": false,
              "nullable": true
            }
          },
          "updated_by": {
            "db": {
              "type": "integer",
              "default": "",
              "primary": false,
              "nullable": true
            }
          },
          "address_searchtext": {
            "db": {
              "type": "string",
              "default": "",
              "maxLength": 255,
              "primary": false,
              "nullable": true
            }
          },
          "address_searchplaceid": {
            "db": {
              "type": "string",
              "default": "",
              "maxLength": 255,
              "primary": false,
              "nullable": true
            }
          },
          "address_placeid": {
            "db": {
              "type": "string",
              "default": "",
              "maxLength": 255,
              "primary": false,
              "nullable": true
            }
          },
          "address_fulladdress": {
            "db": {
              "type": "string",
              "default": "",
              "maxLength": 255,
              "primary": false,
              "nullable": true
            }
          },
          "address_county": {
            "db": {
              "type": "string",
              "default": "",
              "maxLength": 255,
              "primary": false,
              "nullable": true
            }
          },
          "address_country": {
            "db": {
              "type": "string",
              "default": "",
              "maxLength": 255,
              "primary": false,
              "nullable": true
            }
          }
        }
      }
    },
    "views": {},
    "collations": [
      {
        "collation": "utf8mb4_general_ci",
        "charset": "utf8mb4"
      },
      {
        "collation": "utf8mb4_bin",
        "charset": "utf8mb4"
      },
      {
        "collation": "utf8mb4_unicode_ci",
        "charset": "utf8mb4"
      },
      {
        "collation": "utf8mb4_icelandic_ci",
        "charset": "utf8mb4"
      },
      {
        "collation": "utf8mb4_latvian_ci",
        "charset": "utf8mb4"
      },
      {
        "collation": "utf8mb4_romanian_ci",
        "charset": "utf8mb4"
      },
      {
        "collation": "utf8mb4_slovenian_ci",
        "charset": "utf8mb4"
      },
      {
        "collation": "utf8mb4_polish_ci",
        "charset": "utf8mb4"
      },
      {
        "collation": "utf8mb4_estonian_ci",
        "charset": "utf8mb4"
      },
      {
        "collation": "utf8mb4_spanish_ci",
        "charset": "utf8mb4"
      },
      {
        "collation": "utf8mb4_swedish_ci",
        "charset": "utf8mb4"
      },
      {
        "collation": "utf8mb4_turkish_ci",
        "charset": "utf8mb4"
      },
      {
        "collation": "utf8mb4_czech_ci",
        "charset": "utf8mb4"
      },
      {
        "collation": "utf8mb4_danish_ci",
        "charset": "utf8mb4"
      },
      {
        "collation": "utf8mb4_lithuanian_ci",
        "charset": "utf8mb4"
      },
      {
        "collation": "utf8mb4_slovak_ci",
        "charset": "utf8mb4"
      },
      {
        "collation": "utf8mb4_spanish2_ci",
        "charset": "utf8mb4"
      },
      {
        "collation": "utf8mb4_roman_ci",
        "charset": "utf8mb4"
      },
      {
        "collation": "utf8mb4_persian_ci",
        "charset": "utf8mb4"
      },
      {
        "collation": "utf8mb4_esperanto_ci",
        "charset": "utf8mb4"
      },
      {
        "collation": "utf8mb4_hungarian_ci",
        "charset": "utf8mb4"
      },
      {
        "collation": "utf8mb4_sinhala_ci",
        "charset": "utf8mb4"
      },
      {
        "collation": "utf8mb4_german2_ci",
        "charset": "utf8mb4"
      },
      {
        "collation": "utf8mb4_croatian_mysql561_ci",
        "charset": "utf8mb4"
      },
      {
        "collation": "utf8mb4_unicode_520_ci",
        "charset": "utf8mb4"
      },
      {
        "collation": "utf8mb4_vietnamese_ci",
        "charset": "utf8mb4"
      },
      {
        "collation": "utf8mb4_croatian_ci",
        "charset": "utf8mb4"
      },
      {
        "collation": "utf8mb4_myanmar_ci",
        "charset": "utf8mb4"
      },
      {
        "collation": "utf8mb4_thai_520_w2",
        "charset": "utf8mb4"
      },
      {
        "collation": "utf8mb4_general_nopad_ci",
        "charset": "utf8mb4"
      },
      {
        "collation": "utf8mb4_nopad_bin",
        "charset": "utf8mb4"
      },
      {
        "collation": "utf8mb4_unicode_nopad_ci",
        "charset": "utf8mb4"
      },
      {
        "collation": "utf8mb4_unicode_520_nopad_ci",
        "charset": "utf8mb4"
      }
    ]
  }
}
