{
  "type": "mysql",
  "connection": {
    "host": "localhost",
    "port": 3306,
    "user": "root",
    "password": "home1234",
    "database": "Tables"
  },
  "direct": true,
  "schema": {
    "tables": {
      "Form Table": {
        "db": {
          "engine": "InnoDB",
          "schema": "tables",
          "collation": "utf8mb4_general_ci",
          "comment": "hi",
          "system_versioned": false
        },
        "columns": {
          "Company": {
            "db": {
              "type": "string",
              "maxLength": 25,
              "primary": true,
              "nullable": false
            }
          },
          "Email": {
            "db": {
              "type": "string",
              "default": "",
              "maxLength": 20,
              "primary": false,
              "nullable": true
            }
          },
          "Age": {
            "db": {
              "type": "integer",
              "default": "",
              "primary": false,
              "nullable": true
            }
          }
        }
      },
      "NAMES": {
        "db": {
          "engine": "InnoDB",
          "schema": "tables",
          "collation": "utf8mb4_general_ci",
          "system_versioned": false
        },
        "columns": {
          "Names": {
            "db": {
              "type": "string",
              "maxLength": 22,
              "primary": false,
              "nullable": false
            }
          }
        }
      },
      "customers": {
        "db": {
          "engine": "InnoDB",
          "schema": "tables",
          "collation": "utf8mb4_general_ci",
          "system_versioned": false
        },
        "columns": {
          "id": {
            "db": {
              "type": "increments",
              "primary": true,
              "nullable": false
            }
          },
          "name": {
            "db": {
              "type": "string",
              "maxLength": 20,
              "primary": false,
              "nullable": false
            }
          },
          "age": {
            "db": {
              "type": "integer",
              "primary": false,
              "nullable": false
            }
          },
          "email": {
            "db": {
              "type": "string",
              "maxLength": 21,
              "primary": false,
              "nullable": false
            }
          }
        }
      },
      "records": {
        "db": {
          "engine": "InnoDB",
          "schema": "tables",
          "collation": "utf8mb4_general_ci",
          "system_versioned": false
        }
      },
      "newrecords": {
        "db": {
          "engine": "InnoDB",
          "schema": "tables",
          "collation": "utf8mb4_general_ci",
          "system_versioned": false
        },
        "columns": {
          "id": {
            "db": {
              "type": "increments",
              "primary": true,
              "nullable": false
            }
          },
          "Name": {
            "db": {
              "type": "string",
              "maxLength": 21,
              "primary": false,
              "nullable": false
            }
          },
          "Age": {
            "db": {
              "type": "integer",
              "primary": false,
              "nullable": false
            }
          },
          "email": {
            "db": {
              "type": "string",
              "maxLength": 21,
              "primary": false,
              "nullable": false
            }
          }
        }
      }
    },
    "views": {},
    "collations": [
      {
        "collation": "utf8mb4_general_ci",
        "charset": "utf8mb4"
      },
      {
        "collation": "utf8mb4_bin",
        "charset": "utf8mb4"
      },
      {
        "collation": "utf8mb4_unicode_ci",
        "charset": "utf8mb4"
      },
      {
        "collation": "utf8mb4_icelandic_ci",
        "charset": "utf8mb4"
      },
      {
        "collation": "utf8mb4_latvian_ci",
        "charset": "utf8mb4"
      },
      {
        "collation": "utf8mb4_romanian_ci",
        "charset": "utf8mb4"
      },
      {
        "collation": "utf8mb4_slovenian_ci",
        "charset": "utf8mb4"
      },
      {
        "collation": "utf8mb4_polish_ci",
        "charset": "utf8mb4"
      },
      {
        "collation": "utf8mb4_estonian_ci",
        "charset": "utf8mb4"
      },
      {
        "collation": "utf8mb4_spanish_ci",
        "charset": "utf8mb4"
      },
      {
        "collation": "utf8mb4_swedish_ci",
        "charset": "utf8mb4"
      },
      {
        "collation": "utf8mb4_turkish_ci",
        "charset": "utf8mb4"
      },
      {
        "collation": "utf8mb4_czech_ci",
        "charset": "utf8mb4"
      },
      {
        "collation": "utf8mb4_danish_ci",
        "charset": "utf8mb4"
      },
      {
        "collation": "utf8mb4_lithuanian_ci",
        "charset": "utf8mb4"
      },
      {
        "collation": "utf8mb4_slovak_ci",
        "charset": "utf8mb4"
      },
      {
        "collation": "utf8mb4_spanish2_ci",
        "charset": "utf8mb4"
      },
      {
        "collation": "utf8mb4_roman_ci",
        "charset": "utf8mb4"
      },
      {
        "collation": "utf8mb4_persian_ci",
        "charset": "utf8mb4"
      },
      {
        "collation": "utf8mb4_esperanto_ci",
        "charset": "utf8mb4"
      },
      {
        "collation": "utf8mb4_hungarian_ci",
        "charset": "utf8mb4"
      },
      {
        "collation": "utf8mb4_sinhala_ci",
        "charset": "utf8mb4"
      },
      {
        "collation": "utf8mb4_german2_ci",
        "charset": "utf8mb4"
      },
      {
        "collation": "utf8mb4_croatian_mysql561_ci",
        "charset": "utf8mb4"
      },
      {
        "collation": "utf8mb4_unicode_520_ci",
        "charset": "utf8mb4"
      },
      {
        "collation": "utf8mb4_vietnamese_ci",
        "charset": "utf8mb4"
      },
      {
        "collation": "utf8mb4_croatian_ci",
        "charset": "utf8mb4"
      },
      {
        "collation": "utf8mb4_myanmar_ci",
        "charset": "utf8mb4"
      },
      {
        "collation": "utf8mb4_thai_520_w2",
        "charset": "utf8mb4"
      },
      {
        "collation": "utf8mb4_general_nopad_ci",
        "charset": "utf8mb4"
      },
      {
        "collation": "utf8mb4_nopad_bin",
        "charset": "utf8mb4"
      },
      {
        "collation": "utf8mb4_unicode_nopad_ci",
        "charset": "utf8mb4"
      },
      {
        "collation": "utf8mb4_unicode_520_nopad_ci",
        "charset": "utf8mb4"
      }
    ]
  }
}
