{
  "meta": {
    "$_POST": [
      {
        "type": "text",
        "name": "name"
      },
      {
        "type": "text",
        "name": "email"
      },
      {
        "type": "text",
        "name": "user_name"
      },
      {
        "type": "text",
        "name": "password"
      },
      {
        "type": "number",
        "name": "role_id"
      },
      {
        "type": "number",
        "name": "is_active"
      },
      {
        "type": "number",
        "name": "created_by"
      },
      {
        "type": "array",
        "name": "project_id"
      },
      {
        "type": "array",
        "name": "permission_id"
      },
      {
        "type": "array",
        "name": "record",
        "sub": [
          {
            "type": "number",
            "name": "user_id"
          },
          {
            "type": "number",
            "name": "$value"
          },
          {
            "type": "number",
            "name": "created_by"
          },
          {
            "type": "number",
            "name": "insert1"
          },
          {
            "type": "number",
            "name": "$_POST"
          }
        ]
      },
      {
        "type": "text",
        "name": "user_id"
      }
    ]
  },
  "exec": {
    "steps": [
      {
        "name": "",
        "module": "core",
        "action": "condition",
        "options": {
          "if": "{{$_ENV.ENV+'==\"dev\"'}}",
          "then": {
            "steps": {
              "name": "wait",
              "module": "core",
              "action": "wait",
              "options": {
                "delay": 3000
              },
              "disabled": true
            }
          }
        },
        "outputType": "boolean"
      },
      {
        "name": "",
        "module": "core",
        "action": "trycatch",
        "options": {
          "try": {
            "steps": [
              {
                "name": "validate1",
                "module": "validator",
                "action": "validate",
                "options": {
                  "data": [
                    {
                      "name": "createdby",
                      "value": "{{$_POST.created_by}}",
                      "rules": {}
                    },
                    {
                      "name": "username",
                      "value": "{{$_POST.user_name}}",
                      "rules": {
                        "core:required": {
                          "message": "Usrer name is required."
                        }
                      }
                    },
                    {
                      "name": "email",
                      "value": "{{$_POST.email}}",
                      "rules": {
                        "core:required": {
                          "message": "Email is required."
                        }
                      }
                    },
                    {
                      "name": "name",
                      "value": "{{$_POST.name}}",
                      "rules": {
                        "core:required": {
                          "message": "Name is required."
                        }
                      }
                    },
                    {
                      "name": "password",
                      "value": "{{$_POST.password}}",
                      "rules": {
                        "core:required": {
                          "message": "Password is required."
                        }
                      }
                    },
                    {
                      "name": "message",
                      "value": "{{$_POST.email}}",
                      "rules": {
                        "db:notexists": {
                          "param": {
                            "connection": "appdb01",
                            "table": "users",
                            "column": "email"
                          },
                          "message": "Email already exists in database."
                        }
                      }
                    },
                    {
                      "name": "messageuser",
                      "value": "{{$_POST.user_name}}",
                      "rules": {
                        "db:notexists": {
                          "param": {
                            "connection": "appdb01",
                            "table": "users",
                            "column": "user_name"
                          },
                          "message": "User already exists in database."
                        }
                      }
                    }
                  ]
                }
              },
              {
                "name": "password_hash",
                "module": "crypto",
                "action": "passwordHash",
                "options": {
                  "password": "{{$_POST.password}}"
                },
                "outputType": "text"
              },
              {
                "name": "dbtransstart",
                "module": "core",
                "action": "exec",
                "options": {
                  "exec": "db/transactionStart"
                }
              },
              {
                "name": "insert1",
                "module": "dbupdater",
                "action": "insert",
                "options": {
                  "connection": "appdb01",
                  "sql": {
                    "type": "insert",
                    "values": [
                      {
                        "table": "users",
                        "column": "name",
                        "type": "text",
                        "value": "{{$_POST.name}}"
                      },
                      {
                        "table": "users",
                        "column": "email",
                        "type": "text",
                        "value": "{{$_POST.email}}"
                      },
                      {
                        "table": "users",
                        "column": "user_name",
                        "type": "text",
                        "value": "{{$_POST.user_name}}"
                      },
                      {
                        "table": "users",
                        "column": "password",
                        "type": "text",
                        "value": "{{password_hash}}"
                      },
                      {
                        "table": "users",
                        "column": "role_id",
                        "type": "number",
                        "value": "{{$_POST.role_id}}"
                      },
                      {
                        "table": "users",
                        "column": "is_active",
                        "type": "number",
                        "value": "{{$_POST.is_active}}"
                      },
                      {
                        "table": "users",
                        "column": "created_by",
                        "type": "number",
                        "value": "{{$_POST.created_by}}"
                      }
                    ],
                    "table": "users",
                    "returning": "id",
                    "query": "insert into `users` (`created_by`, `email`, `is_active`, `name`, `password`, `role_id`, `user_name`) values (?, ?, ?, ?, ?, ?, ?)",
                    "params": [
                      {
                        "name": ":P1",
                        "type": "expression",
                        "value": "{{$_POST.name}}",
                        "test": ""
                      },
                      {
                        "name": ":P2",
                        "type": "expression",
                        "value": "{{$_POST.email}}",
                        "test": ""
                      },
                      {
                        "name": ":P3",
                        "type": "expression",
                        "value": "{{$_POST.user_name}}",
                        "test": ""
                      },
                      {
                        "name": ":P4",
                        "type": "expression",
                        "value": "{{password_hash}}",
                        "test": ""
                      },
                      {
                        "name": ":P5",
                        "type": "expression",
                        "value": "{{$_POST.role_id}}",
                        "test": ""
                      },
                      {
                        "name": ":P6",
                        "type": "expression",
                        "value": "{{$_POST.is_active}}",
                        "test": ""
                      },
                      {
                        "name": ":P7",
                        "type": "expression",
                        "value": "{{$_POST.created_by}}",
                        "test": ""
                      }
                    ]
                  }
                },
                "meta": [
                  {
                    "name": "identity",
                    "type": "text"
                  },
                  {
                    "name": "affected",
                    "type": "number"
                  }
                ]
              },
              {
                "name": "userid",
                "module": "core",
                "action": "setvalue",
                "options": {
                  "value": "{{$_POST.user_id}}",
                  "key": "userid"
                },
                "meta": [],
                "outputType": "text"
              },
              {
                "name": "repeat_projectids",
                "module": "core",
                "action": "repeat",
                "options": {
                  "repeat": "{{$_POST.project_id}}",
                  "outputFields": [],
                  "exec": {
                    "steps": {
                      "name": "insert_project",
                      "module": "dbupdater",
                      "action": "insert",
                      "options": {
                        "connection": "appdb01",
                        "sql": {
                          "type": "insert",
                          "values": [
                            {
                              "table": "user_projects",
                              "column": "user_id",
                              "type": "number",
                              "value": "{{insert1.identity}}"
                            },
                            {
                              "table": "user_projects",
                              "column": "project_id",
                              "type": "number",
                              "value": "{{$value}}"
                            },
                            {
                              "table": "user_projects",
                              "column": "created_by",
                              "type": "number",
                              "value": "{{$_POST.created_by}}"
                            }
                          ],
                          "table": "user_projects",
                          "returning": "user_project_id",
                          "query": "insert into `user_projects` (`created_by`, `project_id`, `user_id`) values (?, ?, ?)",
                          "params": [
                            {
                              "name": ":P1",
                              "type": "expression",
                              "value": "{{insert1.identity}}",
                              "test": ""
                            },
                            {
                              "name": ":P2",
                              "type": "expression",
                              "value": "{{$value}}",
                              "test": ""
                            },
                            {
                              "name": ":P3",
                              "type": "expression",
                              "value": "{{$_POST.created_by}}",
                              "test": ""
                            }
                          ]
                        }
                      },
                      "meta": [
                        {
                          "name": "identity",
                          "type": "text"
                        },
                        {
                          "name": "affected",
                          "type": "number"
                        }
                      ]
                    }
                  }
                },
                "meta": [
                  {
                    "name": "$index",
                    "type": "number"
                  },
                  {
                    "name": "$number",
                    "type": "number"
                  },
                  {
                    "name": "$name",
                    "type": "text"
                  },
                  {
                    "name": "$value",
                    "type": "object"
                  }
                ],
                "outputType": "array"
              },
              {
                "name": "repeat_permission",
                "module": "core",
                "action": "repeat",
                "options": {
                  "repeat": "{{$_POST.permission_id}}",
                  "outputFields": [],
                  "exec": {
                    "steps": {
                      "name": "insert_permission",
                      "module": "dbupdater",
                      "action": "insert",
                      "options": {
                        "connection": "appdb01",
                        "sql": {
                          "type": "insert",
                          "values": [
                            {
                              "table": "user_permissions",
                              "column": "user_id",
                              "type": "number",
                              "value": "{{insert1.identity}}"
                            },
                            {
                              "table": "user_permissions",
                              "column": "permission_id",
                              "type": "number",
                              "value": "{{$value}}"
                            },
                            {
                              "table": "user_permissions",
                              "column": "created_by",
                              "type": "number",
                              "value": "{{$_POST.created_by}}"
                            }
                          ],
                          "table": "user_permissions",
                          "returning": "user_permissions_id",
                          "query": "insert into `user_permissions` (`created_by`, `permission_id`, `user_id`) values (?, ?, ?)",
                          "params": [
                            {
                              "name": ":P1",
                              "type": "expression",
                              "value": "{{insert1.identity}}",
                              "test": ""
                            },
                            {
                              "name": ":P2",
                              "type": "expression",
                              "value": "{{$value}}",
                              "test": ""
                            },
                            {
                              "name": ":P3",
                              "type": "expression",
                              "value": "{{$_POST.created_by}}",
                              "test": ""
                            }
                          ]
                        }
                      },
                      "meta": [
                        {
                          "name": "identity",
                          "type": "text"
                        },
                        {
                          "name": "affected",
                          "type": "number"
                        }
                      ]
                    }
                  }
                },
                "meta": [
                  {
                    "name": "$index",
                    "type": "number"
                  },
                  {
                    "name": "$number",
                    "type": "number"
                  },
                  {
                    "name": "$name",
                    "type": "text"
                  },
                  {
                    "name": "$value",
                    "type": "object"
                  }
                ],
                "outputType": "array"
              },
              {
                "name": "dbtranscommit",
                "module": "core",
                "action": "exec",
                "options": {
                  "exec": "db/transactionCommit"
                }
              },
              {
                "name": "message",
                "module": "core",
                "action": "setvalue",
                "options": {
                  "key": "message",
                  "value": "User created successfully!"
                },
                "meta": [],
                "output": true,
                "outputType": "text"
              },
              {
                "name": "result",
                "module": "core",
                "action": "setvalue",
                "options": {
                  "key": "result",
                  "value": true
                },
                "meta": [],
                "output": true,
                "outputType": "text"
              }
            ]
          },
          "catch": {
            "steps": [
              {
                "name": "dbtransroleback",
                "module": "core",
                "action": "exec",
                "options": {
                  "exec": "db/transactionRollback"
                }
              },
              {
                "name": "message",
                "module": "core",
                "action": "setvalue",
                "options": {
                  "value": "{{$_ERROR}}",
                  "key": "message"
                },
                "meta": [],
                "outputType": "text",
                "output": true
              },
              {
                "name": "result",
                "module": "core",
                "action": "setvalue",
                "options": {
                  "key": "result",
                  "value": false
                },
                "meta": [],
                "outputType": "text",
                "output": true
              }
            ]
          }
        }
      }
    ]
  },
  "usedModules": {
    "argon2": "^0.30.2"
  }
}