{
  "meta": {
    "$_GET": [
      {
        "type": "text",
        "name": "sort"
      },
      {
        "type": "text",
        "name": "dir"
      }
    ],
    "$_POST": [
      {
        "type": "text",
        "options": {
          "rules": {
            "core:required": {
              "message": "User id is required."
            }
          }
        },
        "name": "user_id"
      }
    ]
  },
  "exec": {
    "steps": [
      {
        "name": "",
        "module": "core",
        "action": "condition",
        "options": {
          "if": "{{$_ENV.ENV+'==\"dev\"'}}",
          "then": {
            "steps": {
              "name": "wait",
              "module": "core",
              "action": "wait",
              "options": {
                "delay": 3000
              },
              "disabled": true
            }
          }
        },
        "outputType": "boolean"
      },
      {
        "name": "",
        "module": "core",
        "action": "trycatch",
        "options": {
          "try": {
            "steps": [
              {
                "name": "dbtransstart",
                "module": "core",
                "action": "exec",
                "options": {
                  "exec": "db/transactionStart"
                }
              },
              {
                "name": "query",
                "module": "dbupdater",
                "action": "custom",
                "options": {
                  "connection": "appdb01",
                  "sql": {
                    "query": "SELECT *\nFROM projects\nINNER JOIN user_projects AS userproject ON (userproject.project_id = projects.project_id) WHERE userproject.user_id = :p1",
                    "params": [
                      {
                        "name": ":p1",
                        "value": "{{$_POST.user_id}}",
                        "test": "79"
                      }
                    ]
                  }
                },
                "meta": [
                  {
                    "name": "project_id",
                    "type": "number"
                  },
                  {
                    "name": "project_name",
                    "type": "text"
                  },
                  {
                    "name": "project_description",
                    "type": "file"
                  },
                  {
                    "name": "project_code",
                    "type": "text"
                  },
                  {
                    "name": "etc_project_number",
                    "type": "text"
                  },
                  {
                    "name": "start_year",
                    "type": "number"
                  },
                  {
                    "name": "client_name",
                    "type": "text"
                  },
                  {
                    "name": "project_status",
                    "type": "text"
                  },
                  {
                    "name": "project_timezone",
                    "type": "text"
                  },
                  {
                    "name": "is_active",
                    "type": "text"
                  },
                  {
                    "name": "created_on",
                    "type": "datetime"
                  },
                  {
                    "name": "created_by",
                    "type": "number"
                  },
                  {
                    "name": "updated_on",
                    "type": "datetime"
                  },
                  {
                    "name": "updated_by",
                    "type": "number"
                  },
                  {
                    "name": "user_project_id",
                    "type": "number"
                  },
                  {
                    "name": "user_id",
                    "type": "number"
                  },
                  {
                    "name": "project_id",
                    "type": "number"
                  },
                  {
                    "name": "created_on",
                    "type": "datetime"
                  },
                  {
                    "name": "created_by",
                    "type": "number"
                  },
                  {
                    "name": "updated_on",
                    "type": "datetime"
                  },
                  {
                    "name": "updated_by",
                    "type": "number"
                  }
                ],
                "type": "dbcustom_query"
              },
              {
                "name": "dbtranscommit",
                "module": "core",
                "action": "exec",
                "options": {
                  "exec": "db/transactionCommit"
                }
              },
              {
                "name": "result",
                "module": "core",
                "action": "setvalue",
                "options": {
                  "key": "result",
                  "value": true
                },
                "meta": [],
                "outputType": "text",
                "output": true
              },
              {
                "name": "data",
                "module": "core",
                "action": "setvalue",
                "options": {
                  "key": "data",
                  "value": "{{query}}"
                },
                "meta": [
                  {
                    "name": "project_id",
                    "type": "number"
                  },
                  {
                    "name": "project_name",
                    "type": "text"
                  },
                  {
                    "name": "project_description",
                    "type": "file"
                  },
                  {
                    "name": "project_code",
                    "type": "text"
                  },
                  {
                    "name": "etc_project_number",
                    "type": "text"
                  },
                  {
                    "name": "start_year",
                    "type": "number"
                  },
                  {
                    "name": "client_name",
                    "type": "text"
                  },
                  {
                    "name": "project_status",
                    "type": "text"
                  },
                  {
                    "name": "project_timezone",
                    "type": "text"
                  },
                  {
                    "name": "is_active",
                    "type": "text"
                  },
                  {
                    "name": "created_on",
                    "type": "datetime"
                  },
                  {
                    "name": "created_by",
                    "type": "number"
                  },
                  {
                    "name": "updated_on",
                    "type": "datetime"
                  },
                  {
                    "name": "updated_by",
                    "type": "number"
                  },
                  {
                    "name": "user_project_id",
                    "type": "number"
                  },
                  {
                    "name": "user_id",
                    "type": "number"
                  },
                  {
                    "name": "project_id",
                    "type": "number"
                  },
                  {
                    "name": "created_on",
                    "type": "datetime"
                  },
                  {
                    "name": "created_by",
                    "type": "number"
                  },
                  {
                    "name": "updated_on",
                    "type": "datetime"
                  },
                  {
                    "name": "updated_by",
                    "type": "number"
                  }
                ],
                "outputType": "text",
                "output": true
              }
            ]
          },
          "catch": {
            "steps": [
              {
                "name": "dbtransrollback",
                "module": "core",
                "action": "exec",
                "options": {
                  "exec": "db/transactionRollback"
                }
              },
              {
                "name": "result",
                "module": "core",
                "action": "setvalue",
                "options": {
                  "key": "result",
                  "value": false
                },
                "meta": [],
                "outputType": "text",
                "output": true
              },
              {
                "name": "message",
                "module": "core",
                "action": "setvalue",
                "options": {
                  "key": "messsage",
                  "value": "{{$_ERROR}}"
                },
                "meta": [],
                "outputType": "text",
                "output": true
              }
            ]
          }
        }
      }
    ]
  }
}