{
  "meta": {
    "$_POST": [
      {
        "type": "text",
        "name": "id"
      }
    ]
  },
  "exec": {
    "steps": [
      {
        "name": "",
        "module": "core",
        "action": "condition",
        "options": {
          "if": "{{$_ENV.ENV+'==\\'dev\\''}}",
          "then": {
            "steps": {
              "name": "wait",
              "module": "core",
              "action": "wait",
              "options": {
                "delay": 3000
              },
              "disabled": true
            }
          }
        },
        "outputType": "boolean"
      },
      {
        "name": "",
        "module": "core",
        "action": "trycatch",
        "options": {
          "try": {
            "steps": [
              {
                "name": "validate",
                "module": "validator",
                "action": "validate",
                "options": {
                  "data": [
                    {
                      "name": "not found",
                      "value": "{{$_POST.id}}",
                      "rules": {
                        "core:required": {
                          "message": "User id is required."
                        }
                      }
                    }
                  ]
                }
              },
              {
                "name": "dbrtransstart",
                "module": "core",
                "action": "exec",
                "options": {
                  "exec": "db/transactionStart"
                }
              },
              {
                "name": "query",
                "module": "dbconnector",
                "action": "single",
                "options": {
                  "connection": "appdb01",
                  "sql": {
                    "type": "select",
                    "columns": [
                      {
                        "table": "users",
                        "column": "id"
                      },
                      {
                        "table": "users",
                        "column": "name"
                      },
                      {
                        "table": "users",
                        "column": "email"
                      },
                      {
                        "table": "users",
                        "column": "user_name"
                      },
                      {
                        "table": "users",
                        "column": "role_id"
                      },
                      {
                        "table": "users",
                        "column": "is_active"
                      },
                      {
                        "table": "users",
                        "column": "created_on"
                      },
                      {
                        "table": "users",
                        "column": "created_by"
                      },
                      {
                        "table": "users",
                        "column": "updated_on"
                      },
                      {
                        "table": "users",
                        "column": "updated_by"
                      }
                    ],
                    "params": [
                      {
                        "operator": "equal",
                        "type": "expression",
                        "name": ":P1",
                        "value": "{{$_POST.id}}",
                        "test": ""
                      }
                    ],
                    "table": {
                      "name": "users"
                    },
                    "primary": "id",
                    "joins": [],
                    "wheres": {
                      "condition": "AND",
                      "rules": [
                        {
                          "id": "users.id",
                          "field": "users.id",
                          "type": "double",
                          "operator": "equal",
                          "value": "{{$_POST.id}}",
                          "data": {
                            "table": "users",
                            "column": "id",
                            "type": "number",
                            "columnObj": {
                              "type": "increments",
                              "primary": true,
                              "nullable": false,
                              "name": "id"
                            }
                          },
                          "operation": "=",
                          "table": "users"
                        }
                      ],
                      "conditional": null,
                      "valid": true
                    },
                    "query": "select `id`, `name`, `email`, `user_name`, `role_id`, `is_active`, `created_on`, `created_by`, `updated_on`, `updated_by` from `users` where `users`.`id` = ?",
                    "sub": {
                      "projects": {
                        "table": {
                          "name": "user_projects",
                          "alias": "projects"
                        },
                        "key": "user_id"
                      },
                      "permissions": {
                        "table": {
                          "name": "user_permissions",
                          "alias": "permissions"
                        },
                        "key": "user_id"
                      }
                    }
                  }
                },
                "meta": [
                  {
                    "type": "number",
                    "name": "id"
                  },
                  {
                    "type": "text",
                    "name": "name"
                  },
                  {
                    "type": "text",
                    "name": "email"
                  },
                  {
                    "type": "text",
                    "name": "user_name"
                  },
                  {
                    "type": "number",
                    "name": "role_id"
                  },
                  {
                    "type": "number",
                    "name": "is_active"
                  },
                  {
                    "type": "datetime",
                    "name": "created_on"
                  },
                  {
                    "type": "number",
                    "name": "created_by"
                  },
                  {
                    "type": "datetime",
                    "name": "updated_on"
                  },
                  {
                    "type": "number",
                    "name": "updated_by"
                  },
                  {
                    "name": "permissions",
                    "type": "array",
                    "sub": [
                      {
                        "type": "number",
                        "name": "user_permissions_id"
                      },
                      {
                        "type": "number",
                        "name": "user_id"
                      },
                      {
                        "type": "number",
                        "name": "permission_id"
                      },
                      {
                        "type": "datetime",
                        "name": "created_on"
                      },
                      {
                        "type": "number",
                        "name": "created_by"
                      },
                      {
                        "type": "datetime",
                        "name": "updated_on"
                      },
                      {
                        "type": "number",
                        "name": "updated_by"
                      }
                    ]
                  },
                  {
                    "name": "projects",
                    "type": "array",
                    "sub": [
                      {
                        "type": "number",
                        "name": "user_project_id"
                      },
                      {
                        "type": "number",
                        "name": "user_id"
                      },
                      {
                        "type": "number",
                        "name": "project_id"
                      },
                      {
                        "type": "datetime",
                        "name": "created_on"
                      },
                      {
                        "type": "number",
                        "name": "created_by"
                      },
                      {
                        "type": "datetime",
                        "name": "updated_on"
                      },
                      {
                        "type": "number",
                        "name": "updated_by"
                      }
                    ]
                  }
                ],
                "outputType": "object"
              },
              {
                "name": "dbtranscommit",
                "module": "core",
                "action": "exec",
                "options": {
                  "exec": "db/transactionCommit"
                }
              },
              {
                "name": "result",
                "module": "core",
                "action": "setvalue",
                "options": {
                  "key": "result",
                  "value": true
                },
                "meta": [],
                "output": true,
                "outputType": "text"
              },
              {
                "name": "",
                "module": "core",
                "action": "condition",
                "options": {
                  "if": "{{query}}",
                  "then": {
                    "steps": {
                      "name": "data",
                      "module": "core",
                      "action": "setvalue",
                      "options": {
                        "key": "data",
                        "value": "{{query}}"
                      },
                      "meta": [
                        {
                          "name": "id",
                          "type": "number"
                        },
                        {
                          "name": "name",
                          "type": "text"
                        },
                        {
                          "name": "email",
                          "type": "text"
                        },
                        {
                          "name": "user_name",
                          "type": "text"
                        },
                        {
                          "name": "role_id",
                          "type": "number"
                        },
                        {
                          "name": "is_active",
                          "type": "number"
                        },
                        {
                          "name": "created_on",
                          "type": "datetime"
                        },
                        {
                          "name": "created_by",
                          "type": "number"
                        },
                        {
                          "name": "updated_on",
                          "type": "datetime"
                        },
                        {
                          "name": "updated_by",
                          "type": "number"
                        },
                        {
                          "name": "permissions",
                          "type": "array",
                          "sub": [
                            {
                              "name": "user_permissions_id",
                              "type": "number"
                            },
                            {
                              "name": "user_id",
                              "type": "number"
                            },
                            {
                              "name": "permission_id",
                              "type": "number"
                            },
                            {
                              "name": "created_on",
                              "type": "datetime"
                            },
                            {
                              "name": "created_by",
                              "type": "number"
                            },
                            {
                              "name": "updated_on",
                              "type": "datetime"
                            },
                            {
                              "name": "updated_by",
                              "type": "number"
                            }
                          ]
                        },
                        {
                          "name": "projects",
                          "type": "array",
                          "sub": [
                            {
                              "name": "user_project_id",
                              "type": "number"
                            },
                            {
                              "name": "user_id",
                              "type": "number"
                            },
                            {
                              "name": "project_id",
                              "type": "number"
                            },
                            {
                              "name": "created_on",
                              "type": "datetime"
                            },
                            {
                              "name": "created_by",
                              "type": "number"
                            },
                            {
                              "name": "updated_on",
                              "type": "datetime"
                            },
                            {
                              "name": "updated_by",
                              "type": "number"
                            }
                          ]
                        }
                      ],
                      "output": true,
                      "outputType": "text"
                    }
                  },
                  "else": {
                    "steps": {
                      "name": "data",
                      "module": "core",
                      "action": "setvalue",
                      "options": {
                        "key": "data",
                        "value": "User not found"
                      },
                      "meta": [],
                      "output": true,
                      "outputType": "text"
                    }
                  }
                },
                "outputType": "boolean"
              }
            ]
          },
          "catch": {
            "steps": [
              {
                "name": "dbtranscommit",
                "module": "core",
                "action": "exec",
                "options": {
                  "exec": "db/transactionCommit"
                }
              },
              {
                "name": "result",
                "module": "core",
                "action": "setvalue",
                "options": {
                  "key": "result",
                  "value": false
                },
                "meta": [],
                "output": true,
                "outputType": "text"
              },
              {
                "name": "message",
                "module": "core",
                "action": "setvalue",
                "options": {
                  "key": "message",
                  "value": "{{$_ERROR}}"
                },
                "meta": [],
                "outputType": "text"
              }
            ]
          }
        }
      }
    ]
  }
}