{
  "meta": {
    "$_GET": [
      {
        "type": "text",
        "name": "offset"
      },
      {
        "type": "text",
        "name": "limit"
      },
      {
        "type": "text",
        "name": "sort"
      },
      {
        "type": "text",
        "name": "dir"
      }
    ],
    "$_POST": [
      {
        "type": "text",
        "name": "name"
      },
      {
        "type": "text",
        "name": "user_name"
      },
      {
        "type": "text",
        "name": "email"
      },
      {
        "type": "text",
        "name": "is_active"
      }
    ]
  },
  "exec": {
    "steps": [
      {
        "name": "",
        "module": "core",
        "action": "condition",
        "options": {
          "if": "{{$_ENV.ENV+'==\\'dev\\''}}",
          "then": {
            "steps": {
              "name": "wait",
              "module": "core",
              "action": "wait",
              "options": {
                "delay": 3000
              },
              "disabled": true
            }
          }
        },
        "outputType": "boolean"
      },
      {
        "name": "query_get_user_list",
        "module": "dbconnector",
        "action": "paged",
        "options": {
          "connection": "appdb01",
          "sql": {
            "type": "select",
            "columns": [
              {
                "table": "users",
                "column": "id"
              },
              {
                "table": "users",
                "column": "name"
              },
              {
                "table": "users",
                "column": "email"
              },
              {
                "table": "users",
                "column": "user_name"
              },
              {
                "table": "users",
                "column": "is_active"
              },
              {
                "table": "users",
                "column": "created_on"
              }
            ],
            "params": [
              {
                "operator": "contains",
                "type": "expression",
                "name": ":P1",
                "value": "{{$_POST.name}}",
                "test": ""
              },
              {
                "operator": "contains",
                "type": "expression",
                "name": ":P2",
                "value": "{{$_POST.email}}",
                "test": ""
              },
              {
                "operator": "contains",
                "type": "expression",
                "name": ":P3",
                "value": "{{$_POST.user_name}}",
                "test": ""
              },
              {
                "operator": "equal",
                "type": "expression",
                "name": ":P4",
                "value": "{{$_POST.is_active}}",
                "test": ""
              }
            ],
            "table": {
              "name": "users"
            },
            "primary": "id",
            "joins": [],
            "query": "select `id`, `name`, `email`, `user_name`, `is_active`, `created_on` from `users` where (`users`.`name` like ?) and (`users`.`email` like ?) and (`users`.`user_name` like ?) and (`users`.`is_active` = ?)",
            "wheres": {
              "condition": "AND",
              "rules": [
                {
                  "condition": "AND",
                  "rules": [
                    {
                      "id": "users.name",
                      "field": "users.name",
                      "type": "string",
                      "operator": "contains",
                      "value": "{{$_POST.name}}",
                      "data": {
                        "table": "users",
                        "column": "name",
                        "type": "text",
                        "columnObj": {
                          "type": "string",
                          "default": "",
                          "maxLength": 255,
                          "primary": false,
                          "nullable": true,
                          "name": "name"
                        }
                      },
                      "operation": "LIKE",
                      "table": "users"
                    }
                  ],
                  "conditional": "{{$_POST.name}}",
                  "table": "users",
                  "id": "users.undefined"
                },
                {
                  "condition": "AND",
                  "rules": [
                    {
                      "id": "users.email",
                      "field": "users.email",
                      "type": "string",
                      "operator": "contains",
                      "value": "{{$_POST.email}}",
                      "data": {
                        "table": "users",
                        "column": "email",
                        "type": "text",
                        "columnObj": {
                          "type": "string",
                          "default": "",
                          "maxLength": 255,
                          "primary": false,
                          "nullable": true,
                          "name": "email"
                        }
                      },
                      "operation": "LIKE",
                      "table": "users"
                    }
                  ],
                  "conditional": "{{$_POST.email}}",
                  "table": "users",
                  "id": "users.undefined"
                },
                {
                  "condition": "AND",
                  "rules": [
                    {
                      "id": "users.user_name",
                      "field": "users.user_name",
                      "type": "string",
                      "operator": "contains",
                      "value": "{{$_POST.user_name}}",
                      "data": {
                        "table": "users",
                        "column": "user_name",
                        "type": "text",
                        "columnObj": {
                          "type": "string",
                          "default": "",
                          "maxLength": 255,
                          "primary": false,
                          "nullable": true,
                          "name": "user_name"
                        }
                      },
                      "operation": "LIKE",
                      "table": "users"
                    }
                  ],
                  "conditional": "{{$_POST.user_name}}",
                  "table": "users",
                  "id": "users.undefined"
                },
                {
                  "condition": "AND",
                  "rules": [
                    {
                      "id": "users.is_active",
                      "field": "users.is_active",
                      "type": "double",
                      "operator": "equal",
                      "value": "{{$_POST.is_active}}",
                      "data": {
                        "table": "users",
                        "column": "is_active",
                        "type": "number",
                        "columnObj": {
                          "type": "integer",
                          "default": "",
                          "primary": false,
                          "nullable": true,
                          "name": "is_active"
                        }
                      },
                      "operation": "=",
                      "table": "users"
                    }
                  ],
                  "conditional": "{{$_POST.is_active}}",
                  "table": "users",
                  "id": "users.undefined"
                }
              ],
              "conditional": null,
              "valid": true
            }
          }
        },
        "output": false,
        "meta": [
          {
            "name": "offset",
            "type": "number"
          },
          {
            "name": "limit",
            "type": "number"
          },
          {
            "name": "total",
            "type": "number"
          },
          {
            "name": "page",
            "type": "object",
            "sub": [
              {
                "name": "offset",
                "type": "object",
                "sub": [
                  {
                    "name": "first",
                    "type": "number"
                  },
                  {
                    "name": "prev",
                    "type": "number"
                  },
                  {
                    "name": "next",
                    "type": "number"
                  },
                  {
                    "name": "last",
                    "type": "number"
                  }
                ]
              },
              {
                "name": "current",
                "type": "number"
              },
              {
                "name": "total",
                "type": "number"
              }
            ]
          },
          {
            "name": "data",
            "type": "array",
            "sub": [
              {
                "type": "number",
                "name": "id"
              },
              {
                "type": "text",
                "name": "name"
              },
              {
                "type": "text",
                "name": "email"
              },
              {
                "type": "text",
                "name": "user_name"
              },
              {
                "type": "number",
                "name": "is_active"
              },
              {
                "type": "datetime",
                "name": "created_on"
              }
            ]
          }
        ],
        "outputType": "object"
      },
      {
        "name": "result",
        "module": "arraylist",
        "action": "create",
        "options": {
          "schema": [
            {
              "type": "text",
              "name": "success"
            },
            {
              "type": "text",
              "name": "message"
            },
            {
              "type": "text",
              "name": "data"
            }
          ]
        },
        "meta": [
          {
            "type": "text",
            "name": "success"
          },
          {
            "type": "text",
            "name": "message"
          },
          {
            "type": "text",
            "name": "data"
          }
        ],
        "outputType": "array"
      },
      {
        "name": "",
        "module": "arraylist",
        "action": "add",
        "options": {
          "ref": "result",
          "value": {
            "success": 1,
            "data": "{{query_get_user_list}}"
          }
        }
      },
      {
        "name": "result",
        "module": "arraylist",
        "action": "value",
        "options": {
          "ref": "result"
        },
        "output": true,
        "meta": [
          {
            "name": "success",
            "type": "text"
          },
          {
            "name": "message",
            "type": "text"
          },
          {
            "name": "data",
            "type": "text"
          }
        ],
        "outputType": "array"
      }
    ]
  }
}