{
  "meta": {
    "$_POST": [
      {
        "type": "number",
        "name": "is_active"
      },
      {
        "type": "datetime",
        "name": "updated_on"
      },
      {
        "type": "number",
        "name": "updated_by"
      },
      {
        "type": "number",
        "name": "id"
      }
    ]
  },
  "exec": {
    "steps": [
      {
        "name": "",
        "module": "core",
        "action": "condition",
        "options": {
          "if": "{{$_ENV.ENV+'==\\'dev\\''}}",
          "then": {
            "steps": {
              "name": "wait",
              "module": "core",
              "action": "wait",
              "options": {
                "delay": 500
              }
            }
          }
        },
        "outputType": "boolean"
      },
      {
        "name": "",
        "module": "core",
        "action": "trycatch",
        "options": {
          "try": {
            "steps": [
              {
                "name": "validate",
                "module": "validator",
                "action": "validate",
                "options": {
                  "data": [
                    {
                      "name": "not found",
                      "value": "{{$_POST.id}}",
                      "rules": {}
                    }
                  ]
                }
              },
              {
                "name": "dbtranscommit",
                "module": "core",
                "action": "exec",
                "options": {
                  "exec": "db/transactionCommit"
                }
              },
              {
                "name": "update",
                "module": "dbupdater",
                "action": "update",
                "options": {
                  "connection": "appdb01",
                  "sql": {
                    "type": "update",
                    "values": [
                      {
                        "table": "users",
                        "column": "is_active",
                        "type": "number",
                        "value": "{{$_POST.is_active}}"
                      },
                      {
                        "table": "users",
                        "column": "updated_on",
                        "type": "datetime",
                        "value": "{{$_POST.updated_on}}"
                      },
                      {
                        "table": "users",
                        "column": "updated_by",
                        "type": "number",
                        "value": "{{$_POST.updated_by}}"
                      }
                    ],
                    "table": "users",
                    "wheres": {
                      "condition": "AND",
                      "rules": [
                        {
                          "id": "id",
                          "type": "double",
                          "operator": "equal",
                          "value": "{{$_POST.id}}",
                          "data": {
                            "column": "id"
                          },
                          "operation": "="
                        }
                      ]
                    },
                    "returning": "id",
                    "query": "update `users` set `is_active` = ?, `updated_on` = ?, `updated_by` = ? where `id` = ?",
                    "params": [
                      {
                        "name": ":P1",
                        "type": "expression",
                        "value": "{{$_POST.is_active}}",
                        "test": ""
                      },
                      {
                        "name": ":P2",
                        "type": "expression",
                        "value": "{{$_POST.updated_on}}",
                        "test": ""
                      },
                      {
                        "name": ":P3",
                        "type": "expression",
                        "value": "{{$_POST.updated_by}}",
                        "test": ""
                      },
                      {
                        "operator": "equal",
                        "type": "expression",
                        "name": ":P4",
                        "value": "{{$_POST.id}}",
                        "test": ""
                      }
                    ]
                  }
                },
                "meta": [
                  {
                    "name": "affected",
                    "type": "number"
                  }
                ]
              },
              {
                "name": "dbtransstart",
                "module": "core",
                "action": "exec",
                "options": {
                  "exec": "db/transactionStart"
                }
              },
              {
                "name": "result",
                "module": "core",
                "action": "setvalue",
                "options": {
                  "key": "result",
                  "value": true
                },
                "meta": [],
                "outputType": "text",
                "output": true
              },
              {
                "name": "",
                "module": "core",
                "action": "condition",
                "options": {
                  "if": "{{$_POST.is_active}}",
                  "then": {
                    "steps": {
                      "name": "message",
                      "module": "core",
                      "action": "setvalue",
                      "options": {
                        "key": "message",
                        "value": "User deactivated successfully!"
                      },
                      "meta": [],
                      "outputType": "text",
                      "output": true
                    }
                  },
                  "else": {
                    "steps": {
                      "name": "message",
                      "module": "core",
                      "action": "setvalue",
                      "options": {
                        "key": "message",
                        "value": "User activated successfully!"
                      },
                      "meta": [],
                      "outputType": "text",
                      "output": true
                    }
                  }
                },
                "outputType": "boolean"
              }
            ]
          },
          "catch": {
            "steps": [
              {
                "name": "dbtransrollback",
                "module": "core",
                "action": "exec",
                "options": {
                  "exec": "db/transactionRollback"
                }
              },
              {
                "name": "result",
                "module": "core",
                "action": "setvalue",
                "options": {
                  "key": "result",
                  "value": false
                },
                "meta": [],
                "outputType": "text",
                "output": true
              },
              {
                "name": "message",
                "module": "core",
                "action": "setvalue",
                "options": {
                  "key": "message",
                  "value": "{{$_ERROR}}"
                },
                "meta": [],
                "outputType": "text",
                "output": true
              }
            ]
          }
        }
      }
    ]
  }
}