{
  "meta": {
    "$_POST": [
      {
        "type": "text",
        "name": "name"
      },
      {
        "type": "text",
        "name": "email"
      },
      {
        "type": "text",
        "name": "password"
      },
      {
        "type": "number",
        "name": "role_id"
      },
      {
        "type": "number",
        "name": "is_active"
      },
      {
        "type": "number",
        "name": "updated_by"
      },
      {
        "type": "number",
        "name": "id"
      },
      {
        "type": "array",
        "name": "projectids"
      },
      {
        "type": "array",
        "name": "permissionids"
      },
      {
        "type": "array",
        "name": "record",
        "sub": [
          {
            "type": "number",
            "name": "$_POST"
          },
          {
            "type": "number",
            "name": "$value"
          },
          {
            "type": "number",
            "name": "created_by"
          },
          {
            "type": "datetime",
            "name": "NOW"
          },
          {
            "type": "number",
            "name": "updated_by"
          }
        ]
      },
      {
        "type": "text",
        "name": "user_name"
      }
    ]
  },
  "exec": {
    "steps": [
      {
        "name": "",
        "module": "core",
        "action": "condition",
        "options": {
          "if": "{{$_ENV.ENV+'==\\'dev\\''}}",
          "then": {
            "steps": {
              "name": "wait",
              "module": "core",
              "action": "wait",
              "options": {
                "delay": 3000
              },
              "disabled": true
            }
          }
        },
        "outputType": "boolean"
      },
      {
        "name": "",
        "module": "core",
        "action": "trycatch",
        "options": {
          "try": {
            "steps": [
              {
                "name": "validate",
                "module": "validator",
                "action": "validate",
                "options": {
                  "data": [
                    {
                      "name": "updated by",
                      "value": "{{$_POST.updated_by}}",
                      "rules": {}
                    },
                    {
                      "name": "id",
                      "value": "{{$_POST.id}}",
                      "rules": {
                        "core:required": {
                          "message": "User id is required."
                        }
                      }
                    }
                  ]
                }
              },
              {
                "name": "dbtransstart",
                "module": "core",
                "action": "exec",
                "options": {
                  "exec": "db/transactionStart"
                }
              },
              {
                "name": "queryemail",
                "module": "dbconnector",
                "action": "select",
                "options": {
                  "connection": "appdb01",
                  "sql": {
                    "type": "SELECT",
                    "distinct": false,
                    "columns": [
                      {
                        "aggregate": "COUNT",
                        "distinct": false,
                        "table": "users",
                        "column": "*",
                        "alias": "chk_unique"
                      }
                    ],
                    "table": {
                      "name": "users"
                    },
                    "joins": [],
                    "wheres": {
                      "condition": "AND",
                      "rules": [
                        {
                          "table": "users",
                          "column": "email",
                          "field": "email",
                          "operation": "=",
                          "operator": "equal",
                          "value": "{{$_POST.email}}"
                        },
                        {
                          "table": "users",
                          "column": "id",
                          "field": "id",
                          "operation": "<>",
                          "operator": "not_equal",
                          "value": "{{$_POST.id}}"
                        }
                      ]
                    },
                    "groupBy": [],
                    "orders": [],
                    "params": [
                      {
                        "operator": "equal",
                        "type": "expression",
                        "name": ":P1",
                        "value": "{{$_POST.email}}",
                        "test": ""
                      },
                      {
                        "operator": "not_equal",
                        "type": "expression",
                        "name": ":P2",
                        "value": "{{$_POST.id}}",
                        "test": ""
                      }
                    ],
                    "primary": "id",
                    "query": "select count(*) as `chk_unique` from `users` where `users`.`email` = ? and `users`.`id` <> ?"
                  }
                },
                "meta": [
                  {
                    "type": "number",
                    "name": "id"
                  },
                  {
                    "type": "text",
                    "name": "name"
                  },
                  {
                    "type": "text",
                    "name": "email"
                  },
                  {
                    "type": "text",
                    "name": "user_name"
                  },
                  {
                    "type": "text",
                    "name": "password"
                  },
                  {
                    "type": "number",
                    "name": "role_id"
                  },
                  {
                    "type": "number",
                    "name": "is_active"
                  },
                  {
                    "type": "datetime",
                    "name": "created_on"
                  },
                  {
                    "type": "number",
                    "name": "created_by"
                  },
                  {
                    "type": "datetime",
                    "name": "updated_on"
                  },
                  {
                    "type": "number",
                    "name": "updated_by"
                  }
                ],
                "outputType": "array",
                "type": "dbconnector_select"
              },
              {
                "name": "queryusername",
                "module": "dbconnector",
                "action": "select",
                "options": {
                  "connection": "appdb01",
                  "sql": {
                    "type": "SELECT",
                    "distinct": false,
                    "columns": [
                      {
                        "aggregate": "COUNT",
                        "distinct": false,
                        "table": "users",
                        "column": "*",
                        "alias": "chk_unique"
                      }
                    ],
                    "table": {
                      "name": "users"
                    },
                    "joins": [],
                    "wheres": {
                      "condition": "AND",
                      "rules": [
                        {
                          "id": "users.user_name",
                          "field": "users.user_name",
                          "type": "string",
                          "operator": "equal",
                          "value": "{{$_POST.user_name}}",
                          "data": {
                            "table": "users",
                            "column": "user_name",
                            "type": "text",
                            "columnObj": {
                              "type": "string",
                              "default": "",
                              "maxLength": 255,
                              "primary": false,
                              "nullable": true,
                              "name": "user_name"
                            }
                          },
                          "operation": "="
                        },
                        {
                          "id": "users.id",
                          "field": "users.id",
                          "type": "double",
                          "operator": "not_equal",
                          "value": "{{$_POST.id}}",
                          "data": {
                            "table": "users",
                            "column": "id",
                            "type": "number",
                            "columnObj": {
                              "type": "increments",
                              "primary": true,
                              "nullable": false,
                              "name": "id"
                            }
                          },
                          "operation": "<>"
                        }
                      ],
                      "conditional": null,
                      "valid": true
                    },
                    "groupBy": [],
                    "orders": [],
                    "params": [
                      {
                        "operator": "equal",
                        "type": "expression",
                        "name": ":P1",
                        "value": "{{$_POST.user_name}}",
                        "test": ""
                      },
                      {
                        "operator": "not_equal",
                        "type": "expression",
                        "name": ":P2",
                        "value": "{{$_POST.id}}",
                        "test": ""
                      }
                    ],
                    "primary": "id",
                    "query": "select count(*) as `chk_unique` from `users` where `users`.`user_name` = ? and `users`.`id` <> ?"
                  }
                },
                "meta": [
                  {
                    "type": "number",
                    "name": "id"
                  },
                  {
                    "type": "text",
                    "name": "name"
                  },
                  {
                    "type": "text",
                    "name": "email"
                  },
                  {
                    "type": "text",
                    "name": "user_name"
                  },
                  {
                    "type": "text",
                    "name": "password"
                  },
                  {
                    "type": "number",
                    "name": "role_id"
                  },
                  {
                    "type": "number",
                    "name": "is_active"
                  },
                  {
                    "type": "datetime",
                    "name": "created_on"
                  },
                  {
                    "type": "number",
                    "name": "created_by"
                  },
                  {
                    "type": "datetime",
                    "name": "updated_on"
                  },
                  {
                    "type": "number",
                    "name": "updated_by"
                  }
                ],
                "outputType": "array",
                "type": "dbconnector_select"
              },
              {
                "name": "",
                "module": "core",
                "action": "condition",
                "options": {
                  "if": "{{queryusername[0].chk_unique!=0||queryemail[0].chk_unique!=0}}",
                  "then": {
                    "steps": [
                      {
                        "name": "",
                        "module": "core",
                        "action": "setvalue",
                        "options": {},
                        "meta": [],
                        "outputType": "text"
                      },
                      {
                        "name": "x_copy",
                        "module": "core",
                        "action": "response",
                        "options": {
                          "status": "y",
                          "data": "Username or Email already exists!"
                        }
                      }
                    ]
                  }
                },
                "outputType": "boolean"
              },
              {
                "name": "update",
                "module": "dbupdater",
                "action": "update",
                "options": {
                  "connection": "appdb01",
                  "sql": {
                    "type": "update",
                    "values": [
                      {
                        "table": "users",
                        "column": "name",
                        "type": "text",
                        "value": "{{$_POST.name}}"
                      },
                      {
                        "table": "users",
                        "column": "email",
                        "type": "text",
                        "value": "{{$_POST.email}}"
                      },
                      {
                        "table": "users",
                        "column": "role_id",
                        "type": "number",
                        "value": "{{$_POST.role_id}}"
                      },
                      {
                        "table": "users",
                        "column": "is_active",
                        "type": "number",
                        "value": "{{$_POST.is_active}}"
                      },
                      {
                        "table": "users",
                        "column": "updated_on",
                        "type": "datetime",
                        "value": "{{NOW}}"
                      },
                      {
                        "table": "users",
                        "column": "updated_by",
                        "type": "number",
                        "value": "{{$_POST.updated_by}}"
                      },
                      {
                        "table": "users",
                        "column": "user_name",
                        "type": "text",
                        "value": "{{$_POST.user_name}}"
                      }
                    ],
                    "table": "users",
                    "wheres": {
                      "condition": "AND",
                      "rules": [
                        {
                          "id": "id",
                          "type": "double",
                          "operator": "equal",
                          "value": "{{$_POST.id}}",
                          "data": {
                            "column": "id"
                          },
                          "operation": "="
                        }
                      ]
                    },
                    "returning": "id",
                    "query": "update `users` set `name` = ?, `email` = ?, `role_id` = ?, `is_active` = ?, `updated_on` = ?, `updated_by` = ?, `user_name` = ? where `id` = ?",
                    "params": [
                      {
                        "name": ":P1",
                        "type": "expression",
                        "value": "{{$_POST.name}}",
                        "test": ""
                      },
                      {
                        "name": ":P2",
                        "type": "expression",
                        "value": "{{$_POST.email}}",
                        "test": ""
                      },
                      {
                        "name": ":P3",
                        "type": "expression",
                        "value": "{{$_POST.role_id}}",
                        "test": ""
                      },
                      {
                        "name": ":P4",
                        "type": "expression",
                        "value": "{{$_POST.is_active}}",
                        "test": ""
                      },
                      {
                        "name": ":P5",
                        "type": "expression",
                        "value": "{{NOW}}",
                        "test": ""
                      },
                      {
                        "name": ":P6",
                        "type": "expression",
                        "value": "{{$_POST.updated_by}}",
                        "test": ""
                      },
                      {
                        "name": ":P7",
                        "type": "expression",
                        "value": "{{$_POST.user_name}}",
                        "test": ""
                      },
                      {
                        "operator": "equal",
                        "type": "expression",
                        "name": ":P8",
                        "value": "{{$_POST.id}}",
                        "test": ""
                      }
                    ]
                  }
                },
                "meta": [
                  {
                    "name": "affected",
                    "type": "number"
                  }
                ]
              },
              {
                "name": "deletefromprojects",
                "module": "dbupdater",
                "action": "delete",
                "options": {
                  "connection": "appdb01",
                  "sql": {
                    "type": "delete",
                    "table": "user_projects",
                    "wheres": {
                      "condition": "AND",
                      "rules": [
                        {
                          "id": "user_id",
                          "field": "user_id",
                          "type": "double",
                          "operator": "equal",
                          "value": "{{$_POST.id}}",
                          "data": {
                            "column": "user_id"
                          },
                          "operation": "="
                        }
                      ],
                      "conditional": null,
                      "valid": true
                    },
                    "returning": "user_project_id",
                    "query": "delete from `user_projects` where `user_id` = ?",
                    "params": [
                      {
                        "operator": "equal",
                        "type": "expression",
                        "name": ":P1",
                        "value": "{{$_POST.id}}",
                        "test": ""
                      }
                    ]
                  }
                },
                "meta": [
                  {
                    "name": "affected",
                    "type": "number"
                  }
                ]
              },
              {
                "name": "deletefrompermissions",
                "module": "dbupdater",
                "action": "delete",
                "options": {
                  "connection": "appdb01",
                  "sql": {
                    "type": "delete",
                    "table": "user_permissions",
                    "wheres": {
                      "condition": "AND",
                      "rules": [
                        {
                          "id": "user_id",
                          "field": "user_id",
                          "type": "double",
                          "operator": "equal",
                          "value": "{{$_POST.id}}",
                          "data": {
                            "column": "user_id"
                          },
                          "operation": "="
                        }
                      ],
                      "conditional": null,
                      "valid": true
                    },
                    "returning": "user_permissions_id",
                    "query": "delete from `user_permissions` where `user_id` = ?",
                    "params": [
                      {
                        "operator": "equal",
                        "type": "expression",
                        "name": ":P1",
                        "value": "{{$_POST.id}}",
                        "test": ""
                      }
                    ]
                  }
                },
                "meta": [
                  {
                    "name": "affected",
                    "type": "number"
                  }
                ]
              },
              {
                "name": "repeat_projectids",
                "module": "core",
                "action": "repeat",
                "options": {
                  "repeat": "{{$_POST.project_id}}",
                  "outputFields": [],
                  "exec": {
                    "steps": {
                      "name": "insert_project",
                      "module": "dbupdater",
                      "action": "insert",
                      "options": {
                        "connection": "appdb01",
                        "sql": {
                          "type": "insert",
                          "values": [
                            {
                              "table": "user_projects",
                              "column": "user_id",
                              "type": "number",
                              "value": "{{$_POST.id}}"
                            },
                            {
                              "table": "user_projects",
                              "column": "project_id",
                              "type": "number",
                              "value": "{{$value}}"
                            },
                            {
                              "table": "user_projects",
                              "column": "created_by",
                              "type": "number",
                              "value": "{{$_POST.updated_by}}"
                            },
                            {
                              "table": "user_projects",
                              "column": "updated_on",
                              "type": "datetime",
                              "value": "{{NOW}}"
                            },
                            {
                              "table": "user_projects",
                              "column": "updated_by",
                              "type": "number",
                              "value": "{{$_POST.updated_by}}"
                            }
                          ],
                          "table": "user_projects",
                          "returning": "user_project_id",
                          "query": "insert into `user_projects` (`created_by`, `project_id`, `updated_by`, `updated_on`, `user_id`) values (?, ?, ?, ?, ?)",
                          "params": [
                            {
                              "name": ":P1",
                              "type": "expression",
                              "value": "{{$_POST.id}}",
                              "test": ""
                            },
                            {
                              "name": ":P2",
                              "type": "expression",
                              "value": "{{$value}}",
                              "test": ""
                            },
                            {
                              "name": ":P3",
                              "type": "expression",
                              "value": "{{$_POST.updated_by}}",
                              "test": ""
                            },
                            {
                              "name": ":P4",
                              "type": "expression",
                              "value": "{{NOW}}",
                              "test": ""
                            },
                            {
                              "name": ":P5",
                              "type": "expression",
                              "value": "{{$_POST.updated_by}}",
                              "test": ""
                            }
                          ]
                        }
                      },
                      "meta": [
                        {
                          "name": "identity",
                          "type": "text"
                        },
                        {
                          "name": "affected",
                          "type": "number"
                        }
                      ]
                    }
                  }
                },
                "meta": [
                  {
                    "name": "$index",
                    "type": "number"
                  },
                  {
                    "name": "$number",
                    "type": "number"
                  },
                  {
                    "name": "$name",
                    "type": "text"
                  },
                  {
                    "name": "$value",
                    "type": "object"
                  }
                ],
                "outputType": "array"
              },
              {
                "name": "repeat_permission",
                "module": "core",
                "action": "repeat",
                "options": {
                  "repeat": "{{$_POST.permission_id}}",
                  "outputFields": [],
                  "exec": {
                    "steps": {
                      "name": "insert_permission",
                      "module": "dbupdater",
                      "action": "insert",
                      "options": {
                        "connection": "appdb01",
                        "sql": {
                          "type": "insert",
                          "values": [
                            {
                              "table": "user_permissions",
                              "column": "user_id",
                              "type": "number",
                              "value": "{{$_POST.id}}"
                            },
                            {
                              "table": "user_permissions",
                              "column": "permission_id",
                              "type": "number",
                              "value": "{{$value}}"
                            },
                            {
                              "table": "user_permissions",
                              "column": "created_by",
                              "type": "number",
                              "value": "{{$_POST.updated_by}}"
                            }
                          ],
                          "table": "user_permissions",
                          "returning": "user_permissions_id",
                          "query": "insert into `user_permissions` (`created_by`, `permission_id`, `user_id`) values (?, ?, ?)",
                          "params": [
                            {
                              "name": ":P1",
                              "type": "expression",
                              "value": "{{$_POST.id}}",
                              "test": ""
                            },
                            {
                              "name": ":P2",
                              "type": "expression",
                              "value": "{{$value}}",
                              "test": ""
                            },
                            {
                              "name": ":P3",
                              "type": "expression",
                              "value": "{{$_POST.updated_by}}",
                              "test": ""
                            }
                          ]
                        }
                      },
                      "meta": [
                        {
                          "name": "identity",
                          "type": "text"
                        },
                        {
                          "name": "affected",
                          "type": "number"
                        }
                      ]
                    }
                  }
                },
                "meta": [
                  {
                    "name": "$index",
                    "type": "number"
                  },
                  {
                    "name": "$number",
                    "type": "number"
                  },
                  {
                    "name": "$name",
                    "type": "text"
                  },
                  {
                    "name": "$value",
                    "type": "object"
                  }
                ],
                "outputType": "array"
              },
              {
                "name": "dbtranscommit",
                "module": "core",
                "action": "exec",
                "options": {
                  "exec": "db/transactionCommit"
                }
              },
              {
                "name": "message",
                "module": "core",
                "action": "setvalue",
                "options": {
                  "key": "message",
                  "value": "User Updated Successfully!"
                },
                "meta": [],
                "output": true,
                "outputType": "text"
              },
              {
                "name": "result",
                "module": "core",
                "action": "setvalue",
                "options": {
                  "key": "result",
                  "value": true
                },
                "meta": [],
                "output": true,
                "outputType": "text"
              }
            ]
          },
          "catch": {
            "steps": [
              {
                "name": "dbtransrollback",
                "module": "core",
                "action": "exec",
                "options": {
                  "exec": "db/transactionRollback"
                }
              },
              {
                "name": "result",
                "module": "core",
                "action": "setvalue",
                "options": {
                  "key": "result",
                  "value": false
                },
                "meta": [],
                "outputType": "text",
                "output": true
              },
              {
                "name": "message",
                "module": "core",
                "action": "setvalue",
                "options": {
                  "key": "message",
                  "value": "{{$_ERROR}}"
                },
                "meta": [],
                "outputType": "text",
                "output": true
              }
            ]
          }
        }
      }
    ]
  }
}