{
  "meta": {
    "$_GET": [
      {
        "type": "text",
        "name": "sort"
      },
      {
        "type": "text",
        "name": "dir"
      }
    ],
    "$_POST": [
      {
        "type": "text",
        "name": "user_id"
      },
      {
        "type": "text",
        "name": "project_id"
      }
    ]
  },
  "exec": {
    "steps": [
      {
        "name": "query",
        "module": "dbupdater",
        "action": "custom",
        "options": {
          "connection": "appdb01",
          "sql": {
            "query": "SELECT user_id,GROUP_CONCAT(project_id)\nFROM user_projects\nGROUP BY user_id;",
            "params": [
              {
                "name": ":P1",
                "value": "{{$_POST.user_id}}"
              },
              {
                "name": ":P2",
                "value": "{{$_POST.project_id}}"
              }
            ]
          }
        },
        "output": false,
        "meta": [
          {
            "name": "user_id",
            "type": "number"
          },
          {
            "name": "GROUP_CONCAT(project_id)",
            "type": "file"
          }
        ],
        "type": "dbcustom_query"
      },
      {
        "name": "",
        "module": "core",
        "action": "condition",
        "options": {
          "if": "{{query['GROUP_CONCAT(project_id)']}}",
          "then": {
            "steps": {
              "name": "Checked",
              "module": "core",
              "action": "setvalue",
              "options": {
                "value": "Checked"
              },
              "meta": [],
              "output": true,
              "outputType": "text"
            }
          }
        },
        "outputType": "boolean"
      }
    ]
  }
}