{
  "meta": {
    "$_GET": [
      {
        "type": "text",
        "name": "sort"
      },
      {
        "type": "text",
        "name": "dir"
      }
    ],
    "$_POST": [
      {
        "type": "text",
        "name": "lang"
      },
      {
        "type": "text",
        "name": "screen"
      }
    ]
  },
  "exec": {
    "steps": [
      {
        "name": "query",
        "module": "dbconnector",
        "action": "select",
        "options": {
          "connection": "appdb01",
          "sql": {
            "type": "select",
            "sort": "",
            "dir": "",
            "columns": [
              {
                "table": "labels_app",
                "column": "screen"
              },
              {
                "table": "labels_app",
                "column": "field"
              },
              {
                "table": "labels_app",
                "column": "type"
              },
              {
                "table": "labels_app",
                "column": "en"
              }
            ],
            "params": [
              {
                "operator": "equal",
                "type": "expression",
                "name": ":P1",
                "value": "{{$_POST.screen}}",
                "test": ""
              }
            ],
            "table": {
              "name": "labels_app"
            },
            "primary": "screen",
            "joins": [],
            "wheres": {
              "condition": "OR",
              "rules": [
                {
                  "id": "labels_app.screen",
                  "field": "labels_app.screen",
                  "type": "string",
                  "operator": "equal",
                  "value": "{{$_POST.screen}}",
                  "data": {
                    "table": "labels_app",
                    "column": "screen",
                    "type": "text",
                    "columnObj": {
                      "type": "string",
                      "maxLength": 60,
                      "primary": true,
                      "nullable": false,
                      "name": "screen"
                    }
                  },
                  "operation": "="
                },
                {
                  "id": "labels_app.screen",
                  "field": "labels_app.screen",
                  "type": "string",
                  "operator": "equal",
                  "value": "general",
                  "data": {
                    "table": "labels_app",
                    "column": "screen",
                    "type": "text",
                    "columnObj": {
                      "type": "string",
                      "maxLength": 60,
                      "primary": true,
                      "nullable": false,
                      "name": "screen"
                    }
                  },
                  "operation": "="
                }
              ],
              "conditional": null,
              "valid": true
            },
            "query": "select `screen`, `field`, `type`, `en` from `labels_app` where `labels_app`.`screen` = ? or `labels_app`.`screen` = ?"
          }
        },
        "meta": [
          {
            "type": "text",
            "name": "screen"
          },
          {
            "type": "text",
            "name": "field"
          },
          {
            "type": "text",
            "name": "type"
          },
          {
            "type": "text",
            "name": "en"
          }
        ],
        "outputType": "array"
      },
      {
        "name": "result",
        "module": "LabelTransposeModule",
        "action": "getValue",
        "options": {
          "data": "{{query}}"
        },
        "output": true
      }
    ]
  }
}