{
  "meta": {
    "$_ENV": [
      {
        "type": "text",
        "name": "DB_HOST"
      },
      {
        "type": "text",
        "name": "DB_PORT"
      },
      {
        "type": "text",
        "name": "DB_NAME"
      },
      {
        "type": "text",
        "name": "DB_USER"
      },
      {
        "type": "text",
        "name": "DB_PWD"
      },
      {
        "type": "text",
        "name": "JWT_PVT"
      },
      {
        "type": "text",
        "name": "JWT_PUB"
      },
      {
        "type": "text",
        "name": "ENV"
      }
    ]
  },
  "exec": {}
}