{
  "name": "",
  "module": "core",
  "action": "trycatch",
  "options": {
    "try": {
      "steps": [
        {
          "name": "dbtransstart",
          "module": "core",
          "action": "exec",
          "options": {
            "exec": "db/transactionStart"
          }
        },
        {
          "name": "query",
          "module": "dbconnector",
          "action": "select",
          "options": {
            "connection": "appdb01",
            "sql": {
              "type": "select",
              "columns": [],
              "params": [],
              "table": {
                "name": "permissions"
              },
              "primary": "permission_id",
              "joins": [],
              "query": "select * from `permissions`"
            }
          },
          "meta": [
            {
              "type": "number",
              "name": "permission_id"
            },
            {
              "type": "text",
              "name": "permission_name"
            },
            {
              "type": "text",
              "name": "permission_description"
            },
            {
              "type": "datetime",
              "name": "created_on"
            },
            {
              "type": "number",
              "name": "created_by"
            },
            {
              "type": "number",
              "name": "updated_by"
            },
            {
              "type": "datetime",
              "name": "updated_on"
            },
            {
              "type": "number",
              "name": "category"
            }
          ],
          "outputType": "array",
          "type": "dbconnector_select"
        },
        {
          "name": "dbtranscommit",
          "module": "core",
          "action": "exec",
          "options": {
            "exec": "db/transactionCommit"
          }
        },
        {
          "name": "result",
          "module": "core",
          "action": "setvalue",
          "options": {
            "key": "result",
            "value": true
          },
          "meta": [],
          "output": true,
          "outputType": "text"
        },
        {
          "name": "data",
          "module": "core",
          "action": "setvalue",
          "options": {
            "key": "data",
            "value": "{{query}}"
          },
          "meta": [
            {
              "name": "permission_id",
              "type": "number"
            },
            {
              "name": "permission_name",
              "type": "text"
            },
            {
              "name": "permission_description",
              "type": "text"
            },
            {
              "name": "created_on",
              "type": "datetime"
            },
            {
              "name": "created_by",
              "type": "number"
            },
            {
              "name": "updated_by",
              "type": "number"
            },
            {
              "name": "updated_on",
              "type": "datetime"
            },
            {
              "name": "category",
              "type": "number"
            }
          ],
          "outputType": "text",
          "output": true
        }
      ]
    },
    "catch": {
      "steps": [
        {
          "name": "dbtransrollback",
          "module": "core",
          "action": "exec",
          "options": {
            "exec": "db/transactionRollback"
          }
        },
        {
          "name": "result",
          "module": "core",
          "action": "setvalue",
          "options": {
            "key": "result",
            "value": false
          },
          "meta": [],
          "output": true,
          "outputType": "text"
        },
        {
          "name": "message",
          "module": "core",
          "action": "setvalue",
          "options": {
            "key": "message",
            "value": "{{$_ERROR}}"
          },
          "meta": [],
          "outputType": "text",
          "output": true
        }
      ]
    }
  }
}