{
  "meta": {
    "$_GET": [
      {
        "type": "text",
        "name": "sort"
      },
      {
        "type": "text",
        "name": "dir"
      },
      {
        "type": "text",
        "name": "offset"
      },
      {
        "type": "text",
        "name": "limit"
      }
    ],
    "$_POST": [
      {
        "type": "text",
        "name": "tag"
      },
      {
        "type": "text",
        "name": "description"
      },
      {
        "type": "text",
        "name": "status"
      }
    ]
  },
  "exec": {
    "steps": {
      "name": "",
      "module": "core",
      "action": "trycatch",
      "options": {
        "try": {
          "steps": [
            {
              "name": "dbtransstart",
              "module": "core",
              "action": "exec",
              "options": {
                "exec": "db/transactionStart"
              }
            },
            {
              "name": "query",
              "module": "dbconnector",
              "action": "paged",
              "options": {
                "connection": "appdb01",
                "sql": {
                  "type": "select",
                  "columns": [],
                  "params": [
                    {
                      "operator": "contains",
                      "type": "expression",
                      "name": ":P1",
                      "value": "{{$_POST.tag}}",
                      "test": ""
                    },
                    {
                      "operator": "contains",
                      "type": "expression",
                      "name": ":P2",
                      "value": "{{$_POST.description}}",
                      "test": ""
                    },
                    {
                      "operator": "equal",
                      "type": "expression",
                      "name": ":P3",
                      "value": "{{$_POST.status}}",
                      "test": ""
                    }
                  ],
                  "table": {
                    "name": "review_tag"
                  },
                  "primary": "id",
                  "joins": [],
                  "wheres": {
                    "condition": "AND",
                    "rules": [
                      {
                        "condition": "AND",
                        "rules": [
                          {
                            "id": "review_tag.tag",
                            "field": "review_tag.tag",
                            "type": "string",
                            "operator": "contains",
                            "value": "{{$_POST.tag}}",
                            "data": {
                              "table": "review_tag",
                              "column": "tag",
                              "type": "text",
                              "columnObj": {
                                "type": "string",
                                "default": "",
                                "maxLength": 255,
                                "primary": false,
                                "nullable": true,
                                "name": "tag"
                              }
                            },
                            "operation": "LIKE"
                          }
                        ],
                        "conditional": "{{$_POST.tag}}"
                      },
                      {
                        "condition": "AND",
                        "rules": [
                          {
                            "id": "review_tag.description",
                            "field": "review_tag.description",
                            "type": "string",
                            "operator": "contains",
                            "value": "{{$_POST.description}}",
                            "data": {
                              "table": "review_tag",
                              "column": "description",
                              "type": "text",
                              "columnObj": {
                                "type": "text",
                                "default": "",
                                "maxLength": 65535,
                                "primary": false,
                                "nullable": true,
                                "name": "description"
                              }
                            },
                            "operation": "LIKE"
                          }
                        ],
                        "conditional": "{{$_POST.description}}"
                      },
                      {
                        "condition": "AND",
                        "rules": [
                          {
                            "id": "review_tag.status",
                            "field": "review_tag.status",
                            "type": "double",
                            "operator": "equal",
                            "value": "{{$_POST.status}}",
                            "data": {
                              "table": "review_tag",
                              "column": "status",
                              "type": "number",
                              "columnObj": {
                                "type": "integer",
                                "default": "",
                                "primary": false,
                                "nullable": true,
                                "name": "status"
                              }
                            },
                            "operation": "="
                          }
                        ],
                        "conditional": "{{$_POST.status}}"
                      }
                    ],
                    "conditional": null,
                    "valid": true
                  },
                  "query": "select * from `review_tag` where (`review_tag`.`tag` like ?) and (`review_tag`.`description` like ?) and (`review_tag`.`status` = ?)"
                }
              },
              "meta": [
                {
                  "name": "offset",
                  "type": "number"
                },
                {
                  "name": "limit",
                  "type": "number"
                },
                {
                  "name": "total",
                  "type": "number"
                },
                {
                  "name": "page",
                  "type": "object",
                  "sub": [
                    {
                      "name": "offset",
                      "type": "object",
                      "sub": [
                        {
                          "name": "first",
                          "type": "number"
                        },
                        {
                          "name": "prev",
                          "type": "number"
                        },
                        {
                          "name": "next",
                          "type": "number"
                        },
                        {
                          "name": "last",
                          "type": "number"
                        }
                      ]
                    },
                    {
                      "name": "current",
                      "type": "number"
                    },
                    {
                      "name": "total",
                      "type": "number"
                    }
                  ]
                },
                {
                  "name": "data",
                  "type": "array",
                  "sub": [
                    {
                      "type": "number",
                      "name": "id"
                    },
                    {
                      "type": "text",
                      "name": "tag"
                    },
                    {
                      "type": "text",
                      "name": "description"
                    },
                    {
                      "type": "number",
                      "name": "status"
                    },
                    {
                      "type": "number",
                      "name": "created_by"
                    },
                    {
                      "type": "datetime",
                      "name": "created_on"
                    },
                    {
                      "type": "datetime",
                      "name": "updated_on"
                    },
                    {
                      "type": "number",
                      "name": "updated_by"
                    }
                  ]
                }
              ],
              "outputType": "object"
            },
            {
              "name": "dbtranscommit",
              "module": "core",
              "action": "exec",
              "options": {
                "exec": "db/transactionCommit"
              }
            },
            {
              "name": "result",
              "module": "core",
              "action": "setvalue",
              "options": {
                "key": true,
                "value": true
              },
              "meta": [],
              "outputType": "text",
              "output": true
            },
            {
              "name": "data",
              "module": "core",
              "action": "setvalue",
              "options": {
                "key": "data",
                "value": "{{query.data}}"
              },
              "meta": [
                {
                  "name": "id",
                  "type": "number"
                },
                {
                  "name": "tag",
                  "type": "text"
                },
                {
                  "name": "description",
                  "type": "text"
                },
                {
                  "name": "status",
                  "type": "number"
                },
                {
                  "name": "created_by",
                  "type": "number"
                },
                {
                  "name": "created_on",
                  "type": "datetime"
                },
                {
                  "name": "updated_on",
                  "type": "datetime"
                },
                {
                  "name": "updated_by",
                  "type": "number"
                }
              ],
              "outputType": "text",
              "output": true
            }
          ]
        },
        "catch": {
          "steps": [
            {
              "name": "dbtransrollback",
              "module": "core",
              "action": "exec",
              "options": {
                "exec": "db/transactionRollback"
              }
            },
            {
              "name": "result",
              "module": "core",
              "action": "setvalue",
              "options": {
                "key": "result",
                "value": false
              },
              "meta": [],
              "outputType": "text",
              "output": true
            },
            {
              "name": "message",
              "module": "core",
              "action": "setvalue",
              "options": {
                "key": "message",
                "value": "{{$_ERROR}}"
              },
              "meta": [],
              "outputType": "text",
              "output": true
            }
          ]
        }
      }
    }
  }
}