{
  "meta": {
    "$_POST": [
      {
        "type": "text",
        "name": "username"
      },
      {
        "type": "text",
        "name": "password"
      }
    ]
  },
  "exec": {
    "steps": [
      {
        "name": "user",
        "module": "dbconnector",
        "action": "single",
        "options": {
          "connection": "appdb01",
          "sql": {
            "type": "select",
            "columns": [
              {
                "table": "users",
                "column": "password"
              },
              {
                "table": "users",
                "column": "id"
              },
              {
                "table": "users",
                "column": "role_id"
              }
            ],
            "params": [
              {
                "operator": "equal",
                "type": "expression",
                "name": ":P1",
                "value": "{{$_POST.username}}",
                "test": ""
              }
            ],
            "table": {
              "name": "users"
            },
            "primary": "id",
            "joins": [],
            "wheres": {
              "condition": "AND",
              "rules": [
                {
                  "id": "users.user_name",
                  "field": "users.user_name",
                  "type": "string",
                  "operator": "equal",
                  "value": "{{$_POST.username}}",
                  "data": {
                    "table": "users",
                    "column": "user_name",
                    "type": "text",
                    "columnObj": {
                      "type": "string",
                      "default": "",
                      "maxLength": 255,
                      "primary": false,
                      "nullable": true,
                      "name": "user_name"
                    }
                  },
                  "operation": "="
                }
              ],
              "conditional": null,
              "valid": true
            },
            "query": "select `password`, `id`, `role_id` from `users` where `users`.`user_name` = ?"
          }
        },
        "output": false,
        "meta": [
          {
            "type": "text",
            "name": "password"
          },
          {
            "type": "number",
            "name": "id"
          },
          {
            "type": "number",
            "name": "role_id"
          }
        ],
        "outputType": "object"
      },
      {
        "name": "wait",
        "module": "core",
        "action": "wait",
        "options": {
          "delay": 5000
        },
        "disabled": true
      },
      {
        "name": "",
        "module": "core",
        "action": "condition",
        "options": {
          "if": "{{user}}",
          "then": {
            "steps": [
              {
                "name": "verify",
                "module": "crypto",
                "action": "passwordVerify",
                "options": {
                  "password": "{{$_POST.password}}",
                  "hash": "{{user.password}}"
                },
                "outputType": "boolean",
                "output": false
              },
              {
                "name": "",
                "module": "core",
                "action": "condition",
                "options": {
                  "if": "{{verify}}",
                  "then": {
                    "steps": [
                      {
                        "name": "jwtSign",
                        "module": "core",
                        "action": "exec",
                        "options": {
                          "exec": "jwtSign",
                          "params": {
                            "userid": "{{user.id}}",
                            "roleid": "{{user.role_id}}"
                          }
                        },
                        "output": false
                      },
                      {
                        "name": "userid",
                        "module": "core",
                        "action": "setvalue",
                        "options": {
                          "value": "{{user.id}}"
                        },
                        "meta": [],
                        "outputType": "text",
                        "output": true
                      },
                      {
                        "name": "token",
                        "module": "core",
                        "action": "setvalue",
                        "options": {
                          "value": "{{jwtSign.token}}"
                        },
                        "meta": [],
                        "outputType": "text",
                        "output": true
                      },
                      {
                        "name": "result",
                        "module": "core",
                        "action": "setvalue",
                        "options": {
                          "value": true
                        },
                        "meta": [],
                        "outputType": "text",
                        "output": true
                      }
                    ]
                  },
                  "else": {
                    "steps": {
                      "name": "",
                      "module": "core",
                      "action": "response",
                      "options": {
                        "status": 401,
                        "data": "Invalid username or password"
                      }
                    }
                  }
                },
                "outputType": "boolean"
              }
            ]
          },
          "else": {
            "steps": {
              "name": "",
              "module": "core",
              "action": "response",
              "options": {
                "status": 401,
                "data": "Invalid username or password"
              }
            }
          }
        },
        "outputType": "boolean"
      }
    ]
  },
  "usedModules": {
    "argon2": "^0.30.2"
  }
}