{
  "exec": {
    "steps": [
      {
        "name": "hash",
        "module": "crypto",
        "action": "passwordHash",
        "options": {
          "password": "home1234"
        },
        "outputType": "text",
        "output": true
      },
      {
        "name": "update",
        "module": "dbupdater",
        "action": "update",
        "options": {
          "connection": "appdb01",
          "sql": {
            "type": "update",
            "values": [
              {
                "table": "users",
                "column": "password",
                "type": "text",
                "value": "{{hash}}"
              }
            ],
            "table": "users",
            "wheres": {
              "condition": "AND",
              "rules": [
                {
                  "id": "id",
                  "field": "id",
                  "type": "double",
                  "operator": "equal",
                  "value": 1,
                  "data": {
                    "column": "id"
                  },
                  "operation": "="
                }
              ],
              "conditional": null,
              "valid": true
            },
            "returning": "id",
            "query": "update `users` set `password` = ? where `id` = ?",
            "params": [
              {
                "name": ":P1",
                "type": "expression",
                "value": "{{hash}}",
                "test": ""
              }
            ]
          }
        },
        "meta": [
          {
            "name": "affected",
            "type": "number"
          }
        ]
      }
    ]
  },
  "usedModules": {
    "argon2": "^0.30.2"
  }
}