{
  "meta": {
    "$_POST": [
      {
        "type": "number",
        "name": "lead_id"
      },
      {
        "type": "text",
        "name": "name"
      },
      {
        "type": "text",
        "name": "email"
      },
      {
        "type": "text",
        "name": "phone"
      },
      {
        "type": "number",
        "name": "address_correct"
      },
      {
        "type": "text",
        "name": "address_place"
      },
      {
        "type": "text",
        "name": "address_street"
      },
      {
        "type": "text",
        "name": "address_city"
      },
      {
        "type": "text",
        "name": "address_state"
      },
      {
        "type": "text",
        "name": "address_zip"
      },
      {
        "type": "number",
        "name": "address_lati"
      },
      {
        "type": "number",
        "name": "address_longi"
      },
      {
        "type": "text",
        "name": "studyarea"
      },
      {
        "type": "number",
        "name": "hh_size"
      },
      {
        "type": "number",
        "name": "hh_employed_size"
      },
      {
        "type": "number",
        "name": "hh_income"
      },
      {
        "type": "number",
        "name": "qualify_status"
      },
      {
        "type": "text",
        "name": "note"
      },
      {
        "type": "number",
        "name": "created_by"
      },
      {
        "type": "number",
        "name": "current_address"
      },
      {
        "type": "text",
        "name": "address_placename"
      },
      {
        "type": "number",
        "name": "address_lat"
      },
      {
        "type": "number",
        "name": "address_lng"
      },
      {
        "type": "number",
        "name": "number_persons"
      },
      {
        "type": "number",
        "name": "hh_welcome_number_employed"
      },
      {
        "type": "number",
        "name": "hh_welcome_income"
      },
      {
        "type": "text",
        "name": "address_searchtext"
      },
      {
        "type": "text",
        "name": "address_searchplaceid"
      },
      {
        "type": "text",
        "name": "address_placeid"
      },
      {
        "type": "text",
        "name": "address_fulladdress"
      },
      {
        "type": "text",
        "name": "address_county"
      },
      {
        "type": "text",
        "name": "address_country"
      }
    ]
  },
  "exec": {
    "steps": [
      {
        "name": "",
        "module": "core",
        "action": "condition",
        "options": {
          "if": "{{$_ENV.ENV=='\\'dev\\''}}",
          "then": {
            "steps": {
              "name": "wait",
              "module": "core",
              "action": "wait",
              "options": {
                "delay": 3000
              }
            }
          }
        },
        "outputType": "boolean"
      },
      {
        "name": "",
        "module": "core",
        "action": "trycatch",
        "options": {
          "try": {
            "steps": [
              {
                "name": "dbtransstart",
                "module": "core",
                "action": "exec",
                "options": {
                  "exec": "db/transactionStart"
                }
              },
              {
                "name": "insert",
                "module": "dbupdater",
                "action": "insert",
                "options": {
                  "connection": "appdb01",
                  "sql": {
                    "type": "insert",
                    "values": [
                      {
                        "table": "qualify",
                        "column": "lead_id",
                        "type": "number",
                        "value": "{{$_POST.lead_id}}"
                      },
                      {
                        "table": "qualify",
                        "column": "name",
                        "type": "text",
                        "value": "{{$_POST.name}}"
                      },
                      {
                        "table": "qualify",
                        "column": "email",
                        "type": "text",
                        "value": "{{$_POST.email}}"
                      },
                      {
                        "table": "qualify",
                        "column": "phone",
                        "type": "text",
                        "value": "{{$_POST.phone}}"
                      },
                      {
                        "table": "qualify",
                        "column": "current_address",
                        "type": "number",
                        "value": "{{$_POST.current_address}}"
                      },
                      {
                        "table": "qualify",
                        "column": "address_placename",
                        "type": "text",
                        "value": "{{$_POST.address_placename}}"
                      },
                      {
                        "table": "qualify",
                        "column": "address_street",
                        "type": "text",
                        "value": "{{$_POST.address_street}}"
                      },
                      {
                        "table": "qualify",
                        "column": "address_city",
                        "type": "text",
                        "value": "{{$_POST.address_city}}"
                      },
                      {
                        "table": "qualify",
                        "column": "address_state",
                        "type": "text",
                        "value": "{{$_POST.address_state}}"
                      },
                      {
                        "table": "qualify",
                        "column": "address_zip",
                        "type": "text",
                        "value": "{{$_POST.address_zip}}"
                      },
                      {
                        "table": "qualify",
                        "column": "address_lat",
                        "type": "number",
                        "value": "{{$_POST.address_lat}}"
                      },
                      {
                        "table": "qualify",
                        "column": "address_lng",
                        "type": "number",
                        "value": "{{$_POST.address_lng}}"
                      },
                      {
                        "table": "qualify",
                        "column": "studyarea",
                        "type": "text",
                        "value": "{{$_POST.studyarea}}"
                      },
                      {
                        "table": "qualify",
                        "column": "number_persons",
                        "type": "number",
                        "value": "{{$_POST.number_persons}}"
                      },
                      {
                        "table": "qualify",
                        "column": "hh_welcome_number_employed",
                        "type": "number",
                        "value": "{{$_POST.hh_welcome_number_employed}}"
                      },
                      {
                        "table": "qualify",
                        "column": "hh_welcome_income",
                        "type": "number",
                        "value": "{{$_POST.hh_welcome_income}}"
                      },
                      {
                        "table": "qualify",
                        "column": "qualify_status",
                        "type": "number",
                        "value": "{{$_POST.qualify_status}}"
                      },
                      {
                        "table": "qualify",
                        "column": "note",
                        "type": "text",
                        "value": "{{$_POST.note}}"
                      },
                      {
                        "table": "qualify",
                        "column": "created_by",
                        "type": "number",
                        "value": "{{$_POST.created_by}}"
                      },
                      {
                        "table": "qualify",
                        "column": "address_searchtext",
                        "type": "text",
                        "value": "{{$_POST.address_searchtext}}"
                      },
                      {
                        "table": "qualify",
                        "column": "address_searchplaceid",
                        "type": "text",
                        "value": "{{$_POST.address_searchplaceid}}"
                      },
                      {
                        "table": "qualify",
                        "column": "address_placeid",
                        "type": "text",
                        "value": "{{$_POST.address_placeid}}"
                      },
                      {
                        "table": "qualify",
                        "column": "address_fulladdress",
                        "type": "text",
                        "value": "{{$_POST.address_fulladdress}}"
                      },
                      {
                        "table": "qualify",
                        "column": "address_county",
                        "type": "text",
                        "value": "{{$_POST.address_county}}"
                      },
                      {
                        "table": "qualify",
                        "column": "address_country",
                        "type": "text",
                        "value": "{{$_POST.address_country}}"
                      }
                    ],
                    "table": "qualify",
                    "returning": "qualify_id",
                    "query": "insert into `qualify` (`address_city`, `address_country`, `address_county`, `address_fulladdress`, `address_lat`, `address_lng`, `address_placeid`, `address_placename`, `address_searchplaceid`, `address_searchtext`, `address_state`, `address_street`, `address_zip`, `created_by`, `current_address`, `email`, `hh_welcome_income`, `hh_welcome_number_employed`, `lead_id`, `name`, `note`, `number_persons`, `phone`, `qualify_status`, `studyarea`) values (?, ?, ?, ?, ?, ?, ?, ?, ?, ?, ?, ?, ?, ?, ?, ?, ?, ?, ?, ?, ?, ?, ?, ?, ?)",
                    "params": [
                      {
                        "name": ":P1",
                        "type": "expression",
                        "value": "{{$_POST.lead_id}}",
                        "test": ""
                      },
                      {
                        "name": ":P2",
                        "type": "expression",
                        "value": "{{$_POST.name}}",
                        "test": ""
                      },
                      {
                        "name": ":P3",
                        "type": "expression",
                        "value": "{{$_POST.email}}",
                        "test": ""
                      },
                      {
                        "name": ":P4",
                        "type": "expression",
                        "value": "{{$_POST.phone}}",
                        "test": ""
                      },
                      {
                        "name": ":P5",
                        "type": "expression",
                        "value": "{{$_POST.current_address}}",
                        "test": ""
                      },
                      {
                        "name": ":P6",
                        "type": "expression",
                        "value": "{{$_POST.address_placename}}",
                        "test": ""
                      },
                      {
                        "name": ":P7",
                        "type": "expression",
                        "value": "{{$_POST.address_street}}",
                        "test": ""
                      },
                      {
                        "name": ":P8",
                        "type": "expression",
                        "value": "{{$_POST.address_city}}",
                        "test": ""
                      },
                      {
                        "name": ":P9",
                        "type": "expression",
                        "value": "{{$_POST.address_state}}",
                        "test": ""
                      },
                      {
                        "name": ":P10",
                        "type": "expression",
                        "value": "{{$_POST.address_zip}}",
                        "test": ""
                      },
                      {
                        "name": ":P11",
                        "type": "expression",
                        "value": "{{$_POST.address_lat}}",
                        "test": ""
                      },
                      {
                        "name": ":P12",
                        "type": "expression",
                        "value": "{{$_POST.address_lng}}",
                        "test": ""
                      },
                      {
                        "name": ":P13",
                        "type": "expression",
                        "value": "{{$_POST.studyarea}}",
                        "test": ""
                      },
                      {
                        "name": ":P14",
                        "type": "expression",
                        "value": "{{$_POST.number_persons}}",
                        "test": ""
                      },
                      {
                        "name": ":P15",
                        "type": "expression",
                        "value": "{{$_POST.hh_welcome_number_employed}}",
                        "test": ""
                      },
                      {
                        "name": ":P16",
                        "type": "expression",
                        "value": "{{$_POST.hh_welcome_income}}",
                        "test": ""
                      },
                      {
                        "name": ":P17",
                        "type": "expression",
                        "value": "{{$_POST.qualify_status}}",
                        "test": ""
                      },
                      {
                        "name": ":P18",
                        "type": "expression",
                        "value": "{{$_POST.note}}",
                        "test": ""
                      },
                      {
                        "name": ":P19",
                        "type": "expression",
                        "value": "{{$_POST.created_by}}",
                        "test": ""
                      },
                      {
                        "name": ":P20",
                        "type": "expression",
                        "value": "{{$_POST.address_searchtext}}",
                        "test": ""
                      },
                      {
                        "name": ":P21",
                        "type": "expression",
                        "value": "{{$_POST.address_searchplaceid}}",
                        "test": ""
                      },
                      {
                        "name": ":P22",
                        "type": "expression",
                        "value": "{{$_POST.address_placeid}}",
                        "test": ""
                      },
                      {
                        "name": ":P23",
                        "type": "expression",
                        "value": "{{$_POST.address_fulladdress}}",
                        "test": ""
                      },
                      {
                        "name": ":P24",
                        "type": "expression",
                        "value": "{{$_POST.address_county}}",
                        "test": ""
                      },
                      {
                        "name": ":P25",
                        "type": "expression",
                        "value": "{{$_POST.address_country}}",
                        "test": ""
                      }
                    ]
                  }
                },
                "meta": [
                  {
                    "name": "identity",
                    "type": "text"
                  },
                  {
                    "name": "affected",
                    "type": "number"
                  }
                ]
              },
              {
                "name": "dbtranscommit",
                "module": "core",
                "action": "exec",
                "options": {
                  "exec": "db/transactionCommit"
                }
              },
              {
                "name": "result",
                "module": "core",
                "action": "setvalue",
                "options": {
                  "key": "result",
                  "value": true
                },
                "meta": [],
                "outputType": "text",
                "output": true
              },
              {
                "name": "message",
                "module": "core",
                "action": "setvalue",
                "options": {
                  "key": "message",
                  "value": "{{'Qualify data  '+insert.identity+' inserted successfully!'}}"
                },
                "meta": [],
                "outputType": "text",
                "output": true
              }
            ]
          },
          "catch": {
            "steps": [
              {
                "name": "dbtransrollback",
                "module": "core",
                "action": "exec",
                "options": {
                  "exec": "db/transactionRollback"
                }
              },
              {
                "name": "result",
                "module": "core",
                "action": "setvalue",
                "options": {
                  "key": "result",
                  "value": false
                },
                "meta": [],
                "outputType": "text",
                "output": true
              },
              {
                "name": "message",
                "module": "core",
                "action": "setvalue",
                "options": {
                  "key": "message",
                  "value": "{{$_ERROR}}"
                },
                "meta": [],
                "outputType": "text",
                "output": true
              }
            ]
          }
        }
      }
    ]
  }
}