{
  "meta": {
    "$_GET": [
      {
        "type": "text",
        "name": "sort"
      },
      {
        "type": "text",
        "name": "dir"
      }
    ],
    "$_POST": [
      {
        "type": "text",
        "name": "lead_id"
      }
    ]
  },
  "exec": {
    "steps": {
      "name": "",
      "module": "core",
      "action": "trycatch",
      "options": {
        "try": {
          "steps": [
            {
              "name": "dbtransstart",
              "module": "core",
              "action": "exec",
              "options": {
                "exec": "db/transactionStart"
              }
            },
            {
              "name": "query",
              "module": "dbconnector",
              "action": "select",
              "options": {
                "connection": "appdb01",
                "sql": {
                  "type": "select",
                  "columns": [],
                  "params": [
                    {
                      "operator": "equal",
                      "type": "expression",
                      "name": ":P1",
                      "value": "{{$_POST.lead_id}}",
                      "test": ""
                    }
                  ],
                  "table": {
                    "name": "qualify"
                  },
                  "primary": "qualify_id",
                  "joins": [],
                  "wheres": {
                    "condition": "AND",
                    "rules": [
                      {
                        "id": "qualify.lead_id",
                        "field": "qualify.lead_id",
                        "type": "double",
                        "operator": "equal",
                        "value": "{{$_POST.lead_id}}",
                        "data": {
                          "table": "qualify",
                          "column": "lead_id",
                          "type": "number",
                          "columnObj": {
                            "type": "reference",
                            "default": "",
                            "primary": false,
                            "nullable": true,
                            "references": "id",
                            "inTable": "leads",
                            "referenceType": "integer",
                            "onUpdate": "CASCADE",
                            "onDelete": "CASCADE",
                            "name": "lead_id"
                          }
                        },
                        "operation": "="
                      }
                    ],
                    "conditional": null,
                    "valid": true
                  },
                  "query": "select * from `qualify` where `qualify`.`lead_id` = ?"
                }
              },
              "meta": [
                {
                  "type": "number",
                  "name": "qualify_id"
                },
                {
                  "type": "number",
                  "name": "lead_id"
                },
                {
                  "type": "text",
                  "name": "name"
                },
                {
                  "type": "text",
                  "name": "email"
                },
                {
                  "type": "text",
                  "name": "phone"
                },
                {
                  "type": "number",
                  "name": "address_correct"
                },
                {
                  "type": "text",
                  "name": "address_place"
                },
                {
                  "type": "text",
                  "name": "address_street"
                },
                {
                  "type": "text",
                  "name": "address_city"
                },
                {
                  "type": "text",
                  "name": "address_state"
                },
                {
                  "type": "text",
                  "name": "address_zip"
                },
                {
                  "type": "number",
                  "name": "address_lati"
                },
                {
                  "type": "number",
                  "name": "address_longi"
                },
                {
                  "type": "text",
                  "name": "studyarea"
                },
                {
                  "type": "number",
                  "name": "hh_size"
                },
                {
                  "type": "number",
                  "name": "hh_employed_size"
                },
                {
                  "type": "number",
                  "name": "hh_income"
                },
                {
                  "type": "number",
                  "name": "qualify_status"
                },
                {
                  "type": "text",
                  "name": "note"
                },
                {
                  "type": "datetime",
                  "name": "created_on"
                },
                {
                  "type": "number",
                  "name": "created_by"
                },
                {
                  "type": "datetime",
                  "name": "updated_on"
                },
                {
                  "type": "number",
                  "name": "updated_by"
                }
              ],
              "outputType": "array"
            },
            {
              "name": "dbtranscommit",
              "module": "core",
              "action": "exec",
              "options": {
                "exec": "db/transactionCommit"
              }
            },
            {
              "name": "result",
              "module": "core",
              "action": "setvalue",
              "options": {
                "key": "result",
                "value": true
              },
              "meta": [],
              "outputType": "text",
              "output": true
            },
            {
              "name": "data",
              "module": "core",
              "action": "setvalue",
              "options": {
                "key": "data",
                "value": "{{query}}"
              },
              "meta": [
                {
                  "name": "qualify_id",
                  "type": "number"
                },
                {
                  "name": "lead_id",
                  "type": "number"
                },
                {
                  "name": "name",
                  "type": "text"
                },
                {
                  "name": "email",
                  "type": "text"
                },
                {
                  "name": "phone",
                  "type": "text"
                },
                {
                  "name": "address_correct",
                  "type": "number"
                },
                {
                  "name": "address_place",
                  "type": "text"
                },
                {
                  "name": "address_street",
                  "type": "text"
                },
                {
                  "name": "address_city",
                  "type": "text"
                },
                {
                  "name": "address_state",
                  "type": "text"
                },
                {
                  "name": "address_zip",
                  "type": "text"
                },
                {
                  "name": "address_lati",
                  "type": "number"
                },
                {
                  "name": "address_longi",
                  "type": "number"
                },
                {
                  "name": "studyarea",
                  "type": "text"
                },
                {
                  "name": "hh_size",
                  "type": "number"
                },
                {
                  "name": "hh_employed_size",
                  "type": "number"
                },
                {
                  "name": "hh_income",
                  "type": "number"
                },
                {
                  "name": "qualify_status",
                  "type": "number"
                },
                {
                  "name": "note",
                  "type": "text"
                },
                {
                  "name": "created_on",
                  "type": "datetime"
                },
                {
                  "name": "created_by",
                  "type": "number"
                },
                {
                  "name": "updated_on",
                  "type": "datetime"
                },
                {
                  "name": "updated_by",
                  "type": "number"
                }
              ],
              "outputType": "text",
              "output": true
            }
          ]
        },
        "catch": {
          "steps": [
            {
              "name": "dbtransrollback",
              "module": "core",
              "action": "exec",
              "options": {
                "exec": "db/transactionRollback"
              }
            },
            {
              "name": "result",
              "module": "core",
              "action": "setvalue",
              "options": {
                "key": "result",
                "value": false
              },
              "meta": [],
              "outputType": "text",
              "output": true
            },
            {
              "name": "message",
              "module": "core",
              "action": "setvalue",
              "options": {
                "key": "message",
                "value": "{{$_ERROR}}"
              },
              "meta": [],
              "outputType": "text",
              "output": true
            }
          ]
        }
      }
    }
  }
}