{
  "meta": {
    "$_GET": [
      {
        "type": "text",
        "name": "sort"
      },
      {
        "type": "text",
        "name": "dir"
      },
      {
        "type": "text",
        "name": "offset"
      },
      {
        "type": "text",
        "name": "limit"
      }
    ],
    "$_POST": [
      {
        "type": "number",
        "name": "qualify_id"
      },
      {
        "type": "text",
        "name": "fname"
      },
      {
        "type": "text",
        "name": "lname"
      },
      {
        "type": "text",
        "name": "email"
      },
      {
        "type": "text",
        "name": "phone"
      },
      {
        "type": "text",
        "name": "project_name"
      },
      {
        "type": "text",
        "name": "student_status"
      },
      {
        "type": "text",
        "name": "address_place"
      },
      {
        "type": "text",
        "name": "address_street"
      },
      {
        "type": "text",
        "name": "address_city"
      },
      {
        "type": "text",
        "name": "address_state"
      },
      {
        "type": "text",
        "name": "address_zip"
      },
      {
        "type": "text",
        "name": "qualify_status"
      },
      {
        "type": "text",
        "name": "qualify_name"
      },
      {
        "type": "text",
        "name": "qualify_email"
      },
      {
        "type": "text",
        "name": "qualify_phone"
      }
    ]
  },
  "exec": {
    "steps": [
      {
        "name": "",
        "module": "core",
        "action": "condition",
        "options": {
          "if": "{{$_ENV.ENV=='\\'dev\\''}}",
          "then": {
            "steps": {
              "name": "wait",
              "module": "core",
              "action": "wait",
              "options": {
                "delay": 3000
              }
            }
          }
        },
        "outputType": "boolean"
      },
      {
        "name": "",
        "module": "core",
        "action": "trycatch",
        "options": {
          "try": {
            "steps": [
              {
                "name": "dbtransstart",
                "module": "core",
                "action": "exec",
                "options": {
                  "exec": "db/transactionStart"
                }
              },
              {
                "name": "dbtranscommit",
                "module": "core",
                "action": "exec",
                "options": {
                  "exec": "db/transactionCommit"
                }
              },
              {
                "name": "query",
                "module": "dbconnector",
                "action": "paged",
                "options": {
                  "connection": "appdb01",
                  "sql": {
                    "type": "select",
                    "columns": [
                      {
                        "table": "leads",
                        "column": "fname",
                        "alias": "lead_fname"
                      },
                      {
                        "table": "leads",
                        "column": "lname",
                        "alias": "lead_lname"
                      },
                      {
                        "table": "leads",
                        "column": "phone",
                        "alias": "lead_phone"
                      },
                      {
                        "table": "qualify",
                        "column": "qualify_id"
                      },
                      {
                        "table": "leads",
                        "column": "email",
                        "alias": "lead_email"
                      },
                      {
                        "table": "leads",
                        "column": "project_id"
                      },
                      {
                        "table": "leads",
                        "column": "student_status"
                      },
                      {
                        "table": "qualify",
                        "column": "address_placename"
                      },
                      {
                        "table": "qualify",
                        "column": "address_street"
                      },
                      {
                        "table": "qualify",
                        "column": "address_city"
                      },
                      {
                        "table": "qualify",
                        "column": "address_state"
                      },
                      {
                        "table": "qualify",
                        "column": "address_zip"
                      },
                      {
                        "table": "qualify",
                        "column": "qualify_status"
                      },
                      {
                        "table": "projects",
                        "column": "project_name"
                      },
                      {
                        "table": "qualify",
                        "column": "name"
                      },
                      {
                        "table": "qualify",
                        "column": "email"
                      },
                      {
                        "table": "qualify",
                        "column": "phone"
                      }
                    ],
                    "params": [
                      {
                        "operator": "equal",
                        "type": "expression",
                        "name": ":P1",
                        "value": "{{$_POST.qualify_id}}",
                        "test": ""
                      },
                      {
                        "operator": "contains",
                        "type": "expression",
                        "name": ":P2",
                        "value": "{{$_POST.fname}}",
                        "test": ""
                      },
                      {
                        "operator": "contains",
                        "type": "expression",
                        "name": ":P3",
                        "value": "{{$_POST.lname}}",
                        "test": ""
                      },
                      {
                        "operator": "contains",
                        "type": "expression",
                        "name": ":P4",
                        "value": "{{$_POST.email}}",
                        "test": ""
                      },
                      {
                        "operator": "equal",
                        "type": "expression",
                        "name": ":P5",
                        "value": "{{$_POST.phone}}",
                        "test": ""
                      },
                      {
                        "operator": "equal",
                        "type": "expression",
                        "name": ":P6",
                        "value": "{{$_POST.student_status}}",
                        "test": ""
                      },
                      {
                        "operator": "contains",
                        "type": "expression",
                        "name": ":P7",
                        "value": "{{$_POST.address_street}}",
                        "test": ""
                      },
                      {
                        "operator": "equal",
                        "type": "expression",
                        "name": ":P8",
                        "value": "{{$_POST.address_city}}",
                        "test": ""
                      },
                      {
                        "operator": "equal",
                        "type": "expression",
                        "name": ":P9",
                        "value": "{{$_POST.address_state}}",
                        "test": ""
                      },
                      {
                        "operator": "equal",
                        "type": "expression",
                        "name": ":P10",
                        "value": "{{$_POST.address_zip}}",
                        "test": ""
                      },
                      {
                        "operator": "equal",
                        "type": "expression",
                        "name": ":P11",
                        "value": "{{$_POST.qualify_status}}",
                        "test": ""
                      },
                      {
                        "operator": "equal",
                        "type": "expression",
                        "name": ":P12",
                        "value": "{{$_POST.project_name}}",
                        "test": ""
                      },
                      {
                        "operator": "equal",
                        "type": "expression",
                        "name": ":P13",
                        "value": "{{$_POST.qualify_name}}",
                        "test": ""
                      },
                      {
                        "operator": "equal",
                        "type": "expression",
                        "name": ":P14",
                        "value": "{{$_POST.qualify_email}}",
                        "test": ""
                      },
                      {
                        "operator": "equal",
                        "type": "expression",
                        "name": ":P15",
                        "value": "{{$_POST.qualify_phone}}",
                        "test": ""
                      }
                    ],
                    "table": {
                      "name": "qualify"
                    },
                    "primary": "qualify_id",
                    "joins": [
                      {
                        "table": "leads",
                        "column": "*",
                        "type": "RIGHT",
                        "clauses": {
                          "condition": "AND",
                          "rules": [
                            {
                              "table": "leads",
                              "column": "id",
                              "operator": "equal",
                              "operation": "=",
                              "value": {
                                "table": "qualify",
                                "column": "lead_id"
                              }
                            }
                          ]
                        },
                        "primary": "id"
                      },
                      {
                        "table": "projects",
                        "column": "*",
                        "type": "LEFT",
                        "clauses": {
                          "condition": "AND",
                          "rules": [
                            {
                              "table": "projects",
                              "column": "project_id",
                              "operator": "equal",
                              "operation": "=",
                              "value": {
                                "table": "leads",
                                "column": "project_id"
                              }
                            }
                          ]
                        },
                        "primary": "project_id"
                      }
                    ],
                    "wheres": {
                      "condition": "AND",
                      "rules": [
                        {
                          "condition": "AND",
                          "rules": [
                            {
                              "id": "qualify.qualify_id",
                              "field": "qualify.qualify_id",
                              "type": "double",
                              "operator": "equal",
                              "value": "{{$_POST.qualify_id}}",
                              "data": {
                                "table": "qualify",
                                "column": "qualify_id",
                                "type": "number",
                                "columnObj": {
                                  "type": "increments",
                                  "primary": true,
                                  "nullable": false,
                                  "name": "qualify_id"
                                }
                              },
                              "operation": "="
                            }
                          ],
                          "conditional": "{{$_POST.qualify_id}}"
                        },
                        {
                          "condition": "AND",
                          "rules": [
                            {
                              "id": "leads.fname",
                              "field": "leads.fname",
                              "type": "string",
                              "operator": "contains",
                              "value": "{{$_POST.fname}}",
                              "data": {
                                "table": "leads",
                                "column": "fname",
                                "type": "text",
                                "columnObj": {
                                  "type": "string",
                                  "default": "",
                                  "maxLength": 255,
                                  "primary": false,
                                  "nullable": true,
                                  "name": "fname"
                                }
                              },
                              "operation": "LIKE"
                            }
                          ],
                          "conditional": "{{$_POST.fname}}"
                        },
                        {
                          "condition": "AND",
                          "rules": [
                            {
                              "id": "leads.lname",
                              "field": "leads.lname",
                              "type": "string",
                              "operator": "contains",
                              "value": "{{$_POST.lname}}",
                              "data": {
                                "table": "leads",
                                "column": "lname",
                                "type": "text",
                                "columnObj": {
                                  "type": "string",
                                  "default": "",
                                  "maxLength": 255,
                                  "primary": false,
                                  "nullable": true,
                                  "name": "lname"
                                }
                              },
                              "operation": "LIKE"
                            }
                          ],
                          "conditional": "{{$_POST.lname}}"
                        },
                        {
                          "condition": "AND",
                          "rules": [
                            {
                              "id": "qualify.email",
                              "field": "qualify.email",
                              "type": "string",
                              "operator": "contains",
                              "value": "{{$_POST.email}}",
                              "data": {
                                "table": "qualify",
                                "column": "email",
                                "type": "text",
                                "columnObj": {
                                  "type": "string",
                                  "default": "",
                                  "maxLength": 255,
                                  "primary": false,
                                  "nullable": true,
                                  "name": "email"
                                }
                              },
                              "operation": "LIKE"
                            }
                          ],
                          "conditional": "{{$_POST.email}}"
                        },
                        {
                          "condition": "AND",
                          "rules": [
                            {
                              "id": "qualify.phone",
                              "field": "qualify.phone",
                              "type": "string",
                              "operator": "equal",
                              "value": "{{$_POST.phone}}",
                              "data": {
                                "table": "qualify",
                                "column": "phone",
                                "type": "text",
                                "columnObj": {
                                  "type": "string",
                                  "default": "",
                                  "maxLength": 20,
                                  "primary": false,
                                  "nullable": true,
                                  "name": "phone"
                                }
                              },
                              "operation": "="
                            }
                          ],
                          "conditional": "{{$_POST.phone}}"
                        },
                        {
                          "condition": "AND",
                          "rules": [
                            {
                              "id": "leads.student_status",
                              "field": "leads.student_status",
                              "type": "double",
                              "operator": "equal",
                              "value": "{{$_POST.student_status}}",
                              "data": {
                                "table": "leads",
                                "column": "student_status",
                                "type": "number",
                                "columnObj": {
                                  "type": "integer",
                                  "default": "",
                                  "primary": false,
                                  "nullable": true,
                                  "name": "student_status"
                                }
                              },
                              "operation": "="
                            }
                          ],
                          "conditional": "{{$_POST.student_status}}"
                        },
                        {
                          "condition": "AND",
                          "rules": [
                            {
                              "id": "qualify.address_street",
                              "field": "qualify.address_street",
                              "type": "string",
                              "operator": "contains",
                              "value": "{{$_POST.address_street}}",
                              "data": {
                                "table": "qualify",
                                "column": "address_street",
                                "type": "text",
                                "columnObj": {
                                  "type": "string",
                                  "default": "",
                                  "maxLength": 255,
                                  "primary": false,
                                  "nullable": true,
                                  "name": "address_street"
                                }
                              },
                              "operation": "LIKE"
                            }
                          ],
                          "conditional": "{{$_POST.address_street}}"
                        },
                        {
                          "condition": "AND",
                          "rules": [
                            {
                              "id": "qualify.address_city",
                              "field": "qualify.address_city",
                              "type": "string",
                              "operator": "equal",
                              "value": "{{$_POST.address_city}}",
                              "data": {
                                "table": "qualify",
                                "column": "address_city",
                                "type": "text",
                                "columnObj": {
                                  "type": "string",
                                  "default": "",
                                  "maxLength": 255,
                                  "primary": false,
                                  "nullable": true,
                                  "name": "address_city"
                                }
                              },
                              "operation": "="
                            }
                          ],
                          "conditional": "{{$_POST.address_city}}"
                        },
                        {
                          "condition": "AND",
                          "rules": [
                            {
                              "id": "qualify.address_state",
                              "field": "qualify.address_state",
                              "type": "string",
                              "operator": "equal",
                              "value": "{{$_POST.address_state}}",
                              "data": {
                                "table": "qualify",
                                "column": "address_state",
                                "type": "text",
                                "columnObj": {
                                  "type": "string",
                                  "default": "",
                                  "maxLength": 255,
                                  "primary": false,
                                  "nullable": true,
                                  "name": "address_state"
                                }
                              },
                              "operation": "="
                            }
                          ],
                          "conditional": "{{$_POST.address_state}}"
                        },
                        {
                          "condition": "AND",
                          "rules": [
                            {
                              "id": "qualify.address_zip",
                              "field": "qualify.address_zip",
                              "type": "string",
                              "operator": "equal",
                              "value": "{{$_POST.address_zip}}",
                              "data": {
                                "table": "qualify",
                                "column": "address_zip",
                                "type": "text",
                                "columnObj": {
                                  "type": "string",
                                  "default": "",
                                  "maxLength": 10,
                                  "primary": false,
                                  "nullable": true,
                                  "name": "address_zip"
                                }
                              },
                              "operation": "="
                            }
                          ],
                          "conditional": "{{$_POST.address_zip}}"
                        },
                        {
                          "condition": "AND",
                          "rules": [
                            {
                              "id": "qualify.qualify_status",
                              "field": "qualify.qualify_status",
                              "type": "double",
                              "operator": "equal",
                              "value": "{{$_POST.qualify_status}}",
                              "data": {
                                "table": "qualify",
                                "column": "qualify_status",
                                "type": "number",
                                "columnObj": {
                                  "type": "integer",
                                  "default": "",
                                  "primary": false,
                                  "nullable": true,
                                  "name": "qualify_status"
                                }
                              },
                              "operation": "="
                            }
                          ],
                          "conditional": "{{$_POST.qualify_status}}"
                        },
                        {
                          "condition": "AND",
                          "rules": [
                            {
                              "id": "projects.project_name",
                              "field": "projects.project_name",
                              "type": "string",
                              "operator": "equal",
                              "value": "{{$_POST.project_name}}",
                              "data": {
                                "table": "projects",
                                "column": "project_name",
                                "type": "text",
                                "columnObj": {
                                  "type": "string",
                                  "default": "",
                                  "maxLength": 100,
                                  "primary": false,
                                  "nullable": true,
                                  "name": "project_name"
                                }
                              },
                              "operation": "="
                            }
                          ],
                          "conditional": "{{$_POST.project_name}}"
                        },
                        {
                          "condition": "AND",
                          "rules": [
                            {
                              "id": "leads.lead_status",
                              "field": "leads.lead_status",
                              "type": "double",
                              "operator": "equal",
                              "value": 3,
                              "data": {
                                "table": "leads",
                                "column": "lead_status",
                                "type": "number",
                                "columnObj": {
                                  "type": "integer",
                                  "default": "",
                                  "primary": false,
                                  "nullable": true,
                                  "name": "lead_status"
                                }
                              },
                              "operation": "="
                            }
                          ],
                          "conditional": null
                        },
                        {
                          "condition": "AND",
                          "rules": [
                            {
                              "id": "qualify.name",
                              "field": "qualify.name",
                              "type": "string",
                              "operator": "equal",
                              "value": "{{$_POST.qualify_name}}",
                              "data": {
                                "table": "qualify",
                                "column": "name",
                                "type": "text",
                                "columnObj": {
                                  "type": "string",
                                  "default": "",
                                  "maxLength": 255,
                                  "primary": false,
                                  "nullable": true,
                                  "name": "name"
                                }
                              },
                              "operation": "="
                            }
                          ],
                          "conditional": "{{$_POST.qualify_name}}"
                        },
                        {
                          "condition": "AND",
                          "rules": [
                            {
                              "id": "qualify.email",
                              "field": "qualify.email",
                              "type": "string",
                              "operator": "equal",
                              "value": "{{$_POST.qualify_email}}",
                              "data": {
                                "table": "qualify",
                                "column": "email",
                                "type": "text",
                                "columnObj": {
                                  "type": "string",
                                  "default": "",
                                  "maxLength": 255,
                                  "primary": false,
                                  "nullable": true,
                                  "name": "email"
                                }
                              },
                              "operation": "="
                            }
                          ],
                          "conditional": "{{$_POST.qualify_name}}"
                        },
                        {
                          "condition": "AND",
                          "rules": [
                            {
                              "id": "qualify.phone",
                              "field": "qualify.phone",
                              "type": "string",
                              "operator": "equal",
                              "value": "{{$_POST.qualify_phone}}",
                              "data": {
                                "table": "qualify",
                                "column": "phone",
                                "type": "text",
                                "columnObj": {
                                  "type": "string",
                                  "default": "",
                                  "maxLength": 20,
                                  "primary": false,
                                  "nullable": true,
                                  "name": "phone"
                                }
                              },
                              "operation": "="
                            }
                          ],
                          "conditional": "{{$_POST.qualify_phone}}"
                        }
                      ],
                      "conditional": null,
                      "valid": true
                    },
                    "query": "select `leads`.`fname` as `lead_fname`, `leads`.`lname` as `lead_lname`, `leads`.`phone` as `lead_phone`, `qualify`.`qualify_id`, `leads`.`email` as `lead_email`, `leads`.`project_id`, `leads`.`student_status`, `qualify`.`address_placename`, `qualify`.`address_street`, `qualify`.`address_city`, `qualify`.`address_state`, `qualify`.`address_zip`, `qualify`.`qualify_status`, `projects`.`project_name`, `qualify`.`name`, `qualify`.`email`, `qualify`.`phone` from `qualify` right join `leads` on `leads`.`id` = `qualify`.`lead_id` left join `projects` on `projects`.`project_id` = `leads`.`project_id` where (`qualify`.`qualify_id` = ?) and (`leads`.`fname` like ?) and (`leads`.`lname` like ?) and (`qualify`.`email` like ?) and (`qualify`.`phone` = ?) and (`leads`.`student_status` = ?) and (`qualify`.`address_street` like ?) and (`qualify`.`address_city` = ?) and (`qualify`.`address_state` = ?) and (`qualify`.`address_zip` = ?) and (`qualify`.`qualify_status` = ?) and (`projects`.`project_name` = ?) and (`leads`.`lead_status` = ?) and (`qualify`.`name` = ?) and (`qualify`.`email` = ?) and (`qualify`.`phone` = ?)"
                  }
                },
                "meta": [
                  {
                    "name": "offset",
                    "type": "number"
                  },
                  {
                    "name": "limit",
                    "type": "number"
                  },
                  {
                    "name": "total",
                    "type": "number"
                  },
                  {
                    "name": "page",
                    "type": "object",
                    "sub": [
                      {
                        "name": "offset",
                        "type": "object",
                        "sub": [
                          {
                            "name": "first",
                            "type": "number"
                          },
                          {
                            "name": "prev",
                            "type": "number"
                          },
                          {
                            "name": "next",
                            "type": "number"
                          },
                          {
                            "name": "last",
                            "type": "number"
                          }
                        ]
                      },
                      {
                        "name": "current",
                        "type": "number"
                      },
                      {
                        "name": "total",
                        "type": "number"
                      }
                    ]
                  },
                  {
                    "name": "data",
                    "type": "array",
                    "sub": [
                      {
                        "type": "text",
                        "name": "lead_fname"
                      },
                      {
                        "type": "text",
                        "name": "lead_lname"
                      },
                      {
                        "type": "text",
                        "name": "lead_phone"
                      },
                      {
                        "type": "number",
                        "name": "qualify_id"
                      },
                      {
                        "type": "text",
                        "name": "lead_email"
                      },
                      {
                        "type": "number",
                        "name": "project_id"
                      },
                      {
                        "type": "number",
                        "name": "student_status"
                      },
                      {
                        "type": "text",
                        "name": "address_placename"
                      },
                      {
                        "type": "text",
                        "name": "address_street"
                      },
                      {
                        "type": "text",
                        "name": "address_city"
                      },
                      {
                        "type": "text",
                        "name": "address_state"
                      },
                      {
                        "type": "text",
                        "name": "address_zip"
                      },
                      {
                        "type": "number",
                        "name": "qualify_status"
                      },
                      {
                        "type": "text",
                        "name": "project_name"
                      },
                      {
                        "type": "text",
                        "name": "name"
                      },
                      {
                        "type": "text",
                        "name": "email"
                      },
                      {
                        "type": "text",
                        "name": "phone"
                      }
                    ]
                  }
                ],
                "outputType": "object"
              },
              {
                "name": "result",
                "module": "core",
                "action": "setvalue",
                "options": {
                  "key": "result",
                  "value": true
                },
                "meta": [],
                "outputType": "text",
                "output": true
              },
              {
                "name": "data",
                "module": "core",
                "action": "setvalue",
                "options": {
                  "key": "data",
                  "value": "{{query}}"
                },
                "meta": [
                  {
                    "name": "offset",
                    "type": "number"
                  },
                  {
                    "name": "limit",
                    "type": "number"
                  },
                  {
                    "name": "total",
                    "type": "number"
                  },
                  {
                    "name": "page",
                    "type": "object",
                    "sub": [
                      {
                        "name": "offset",
                        "type": "object",
                        "sub": [
                          {
                            "name": "first",
                            "type": "number"
                          },
                          {
                            "name": "prev",
                            "type": "number"
                          },
                          {
                            "name": "next",
                            "type": "number"
                          },
                          {
                            "name": "last",
                            "type": "number"
                          }
                        ]
                      },
                      {
                        "name": "current",
                        "type": "number"
                      },
                      {
                        "name": "total",
                        "type": "number"
                      }
                    ]
                  },
                  {
                    "name": "data",
                    "type": "array",
                    "sub": [
                      {
                        "name": "lead_fname",
                        "type": "text"
                      },
                      {
                        "name": "lead_lname",
                        "type": "text"
                      },
                      {
                        "name": "lead_phone",
                        "type": "text"
                      },
                      {
                        "name": "qualify_id",
                        "type": "number"
                      },
                      {
                        "name": "lead_email",
                        "type": "text"
                      },
                      {
                        "name": "project_id",
                        "type": "number"
                      },
                      {
                        "name": "student_status",
                        "type": "number"
                      },
                      {
                        "name": "address_placename",
                        "type": "text"
                      },
                      {
                        "name": "address_street",
                        "type": "text"
                      },
                      {
                        "name": "address_city",
                        "type": "text"
                      },
                      {
                        "name": "address_state",
                        "type": "text"
                      },
                      {
                        "name": "address_zip",
                        "type": "text"
                      },
                      {
                        "name": "qualify_status",
                        "type": "number"
                      },
                      {
                        "name": "project_name",
                        "type": "text"
                      },
                      {
                        "name": "name",
                        "type": "text"
                      },
                      {
                        "name": "email",
                        "type": "text"
                      },
                      {
                        "name": "phone",
                        "type": "text"
                      }
                    ]
                  }
                ],
                "outputType": "text",
                "output": true
              }
            ]
          },
          "catch": {
            "steps": [
              {
                "name": "dbtransrollback",
                "module": "core",
                "action": "exec",
                "options": {
                  "exec": "db/transactionRollback"
                }
              },
              {
                "name": "result",
                "module": "core",
                "action": "setvalue",
                "options": {
                  "key": "result",
                  "value": false
                },
                "meta": [],
                "outputType": "text",
                "output": true
              },
              {
                "name": "message",
                "module": "core",
                "action": "setvalue",
                "options": {
                  "key": "message",
                  "value": "{{$_ERROR}}"
                },
                "meta": [],
                "outputType": "text",
                "output": true
              }
            ]
          }
        }
      }
    ]
  }
}