{
  "meta": {
    "$_GET": [
      {
        "type": "text",
        "name": "offset"
      },
      {
        "type": "text",
        "name": "limit"
      },
      {
        "type": "text",
        "name": "sort"
      },
      {
        "type": "text",
        "name": "dir"
      }
    ],
    "$_POST": [
      {
        "type": "text",
        "name": "batch_label"
      },
      {
        "type": "text",
        "name": "lead_id"
      },
      {
        "type": "text",
        "name": "lead_type"
      },
      {
        "type": "number",
        "name": "user_id"
      },
      {
        "type": "number",
        "name": "records_count"
      },
      {
        "type": "number",
        "name": "created_by"
      },
      {
        "type": "text",
        "name": "fname"
      },
      {
        "type": "text",
        "name": "email"
      },
      {
        "type": "text",
        "name": "phone"
      },
      {
        "type": "number",
        "name": "project_id"
      },
      {
        "type": "text",
        "name": "date"
      },
      {
        "type": "number",
        "name": "batch_id"
      },
      {
        "type": "number",
        "name": "student_status"
      },
      {
        "type": "number",
        "name": "lead_status"
      },
      {
        "type": "number",
        "name": "assigned_to"
      },
      {
        "type": "number",
        "name": "id"
      },
      {
        "type": "array",
        "name": "record",
        "sub": [
          {
            "type": "number",
            "name": "lead_action_id"
          },
          {
            "type": "text",
            "name": "action_note"
          },
          {
            "type": "number",
            "name": "'e'"
          },
          {
            "type": "number",
            "name": "$_POST"
          },
          {
            "type": "number",
            "name": "$value"
          },
          {
            "type": "datetime",
            "name": "TIMESTAMP"
          },
          {
            "type": "datetime",
            "name": "NOW_UTC"
          }
        ]
      },
      {
        "type": "text",
        "name": "updated_on"
      },
      {
        "type": "text",
        "name": "filter_project_id"
      },
      {
        "type": "text",
        "name": "filter_assigned_to"
      },
      {
        "type": "text",
        "name": "filter_lead_status"
      },
      {
        "type": "text",
        "name": "date_from"
      },
      {
        "type": "text",
        "name": "date_to"
      },
      {
        "type": "text",
        "name": "review_tag"
      }
    ]
  },
  "exec": {
    "steps": [
      {
        "name": "",
        "module": "core",
        "action": "condition",
        "options": {
          "if": "{{$_ENV.ENV=='\\'dev\\''}}",
          "then": {
            "steps": {
              "name": "wait",
              "module": "core",
              "action": "wait",
              "options": {
                "delay": 3000
              }
            }
          }
        },
        "outputType": "boolean"
      },
      {
        "name": "",
        "module": "core",
        "action": "trycatch",
        "options": {
          "try": {
            "steps": [
              {
                "name": "dbtransstart",
                "module": "core",
                "action": "exec",
                "options": {
                  "exec": "db/transactionStart"
                }
              },
              {
                "name": "",
                "module": "core",
                "action": "condition",
                "options": {
                  "if": "{{$_POST.review_tag}}",
                  "then": {
                    "steps": {
                      "name": "query",
                      "module": "dbconnector",
                      "action": "select",
                      "options": {
                        "connection": "appdb01",
                        "sql": {
                          "type": "select",
                          "columns": [
                            {
                              "table": "leads",
                              "column": "id"
                            }
                          ],
                          "params": [
                            {
                              "operator": "contains",
                              "type": "expression",
                              "name": ":P1",
                              "value": "{{$_POST.fname}}",
                              "test": ""
                            },
                            {
                              "operator": "contains",
                              "type": "expression",
                              "name": ":P2",
                              "value": "{{$_POST.email}}",
                              "test": ""
                            },
                            {
                              "operator": "contains",
                              "type": "expression",
                              "name": ":P3",
                              "value": "{{$_POST.phone}}",
                              "test": ""
                            },
                            {
                              "operator": "equal",
                              "type": "expression",
                              "name": ":P4",
                              "value": "{{$_POST.filter_project_id}}",
                              "test": ""
                            },
                            {
                              "operator": "between",
                              "type": "expression",
                              "name": ":P5",
                              "value": "{{$_POST.date_from}}",
                              "test": ""
                            },
                            {
                              "operator": "between",
                              "type": "expression",
                              "name": ":P6",
                              "value": "{{$_POST.date_to}}",
                              "test": ""
                            },
                            {
                              "operator": "equal",
                              "type": "expression",
                              "name": ":P7",
                              "value": "{{$_POST.student_status}}",
                              "test": ""
                            },
                            {
                              "operator": "equal",
                              "type": "expression",
                              "name": ":P8",
                              "value": "{{$_POST.filter_lead_status}}",
                              "test": ""
                            },
                            {
                              "operator": "equal",
                              "type": "expression",
                              "name": ":P9",
                              "value": "{{$_POST.filter_assigned_to}}",
                              "test": ""
                            },
                            {
                              "operator": "equal",
                              "type": "expression",
                              "name": ":P10",
                              "value": "{{$_POST.review_tag}}",
                              "test": ""
                            }
                          ],
                          "table": {
                            "name": "lead_review_tag"
                          },
                          "primary": "id",
                          "joins": [
                            {
                              "table": "leads",
                              "column": "*",
                              "type": "RIGHT",
                              "clauses": {
                                "condition": "AND",
                                "rules": [
                                  {
                                    "table": "leads",
                                    "column": "id",
                                    "operator": "equal",
                                    "operation": "=",
                                    "value": {
                                      "table": "lead_review_tag",
                                      "column": "lead_id"
                                    }
                                  }
                                ]
                              },
                              "primary": "id"
                            }
                          ],
                          "query": "select `leads`.`id` from `lead_review_tag` right join `leads` on `leads`.`id` = `lead_review_tag`.`lead_id` where (`leads`.`fname` like ?) and (`leads`.`email` like ?) and (`leads`.`phone` like ?) and (`leads`.`project_id` = ?) and (`leads`.`date` between ? and ?) and (`leads`.`student_status` = ?) and (`leads`.`lead_status` = ?) and (`leads`.`assigned_to` = ?) and (`lead_review_tag`.`review_tag_id` = ?)",
                          "wheres": {
                            "condition": "AND",
                            "rules": [
                              {
                                "condition": "AND",
                                "rules": [
                                  {
                                    "id": "leads.fname",
                                    "field": "leads.fname",
                                    "type": "string",
                                    "operator": "contains",
                                    "value": "{{$_POST.fname}}",
                                    "data": {
                                      "table": "leads",
                                      "column": "fname",
                                      "type": "text",
                                      "columnObj": {
                                        "type": "string",
                                        "default": "",
                                        "maxLength": 255,
                                        "primary": false,
                                        "nullable": true,
                                        "name": "fname"
                                      }
                                    },
                                    "operation": "LIKE",
                                    "table": "lead_review_tag"
                                  }
                                ],
                                "conditional": "{{$_POST.fname}}",
                                "table": "lead_review_tag",
                                "id": "lead_review_tag.undefined"
                              },
                              {
                                "condition": "AND",
                                "rules": [
                                  {
                                    "id": "leads.email",
                                    "field": "leads.email",
                                    "type": "string",
                                    "operator": "contains",
                                    "value": "{{$_POST.email}}",
                                    "data": {
                                      "table": "leads",
                                      "column": "email",
                                      "type": "text",
                                      "columnObj": {
                                        "type": "string",
                                        "default": "",
                                        "maxLength": 255,
                                        "primary": false,
                                        "nullable": true,
                                        "name": "email"
                                      }
                                    },
                                    "operation": "LIKE",
                                    "table": "lead_review_tag"
                                  }
                                ],
                                "conditional": "{{$_POST.email}}",
                                "table": "lead_review_tag",
                                "id": "lead_review_tag.undefined"
                              },
                              {
                                "condition": "AND",
                                "rules": [
                                  {
                                    "id": "leads.phone",
                                    "field": "leads.phone",
                                    "type": "string",
                                    "operator": "contains",
                                    "value": "{{$_POST.phone}}",
                                    "data": {
                                      "table": "leads",
                                      "column": "phone",
                                      "type": "text",
                                      "columnObj": {
                                        "type": "string",
                                        "default": "",
                                        "maxLength": 100,
                                        "primary": false,
                                        "nullable": true,
                                        "name": "phone"
                                      }
                                    },
                                    "operation": "LIKE",
                                    "table": "lead_review_tag"
                                  }
                                ],
                                "conditional": "{{$_POST.phone}}",
                                "table": "lead_review_tag",
                                "id": "lead_review_tag.undefined"
                              },
                              {
                                "condition": "AND",
                                "rules": [
                                  {
                                    "id": "leads.project_id",
                                    "field": "leads.project_id",
                                    "type": "double",
                                    "operator": "equal",
                                    "value": "{{$_POST.filter_project_id}}",
                                    "data": {
                                      "table": "leads",
                                      "column": "project_id",
                                      "type": "number",
                                      "columnObj": {
                                        "type": "integer",
                                        "default": "",
                                        "primary": false,
                                        "nullable": true,
                                        "name": "project_id"
                                      }
                                    },
                                    "operation": "=",
                                    "table": "lead_review_tag"
                                  }
                                ],
                                "conditional": "{{$_POST.filter_project_id}}",
                                "table": "lead_review_tag",
                                "id": "lead_review_tag.undefined"
                              },
                              {
                                "condition": "AND",
                                "rules": [
                                  {
                                    "id": "leads.date",
                                    "field": "leads.date",
                                    "type": "datetime",
                                    "operator": "between",
                                    "value": [
                                      "{{$_POST.date_from}}",
                                      "{{$_POST.date_to}}"
                                    ],
                                    "data": {
                                      "table": "leads",
                                      "column": "date",
                                      "type": "datetime",
                                      "columnObj": {
                                        "type": "datetime",
                                        "default": "",
                                        "primary": false,
                                        "nullable": true,
                                        "name": "date"
                                      }
                                    },
                                    "operation": "BETWEEN",
                                    "table": "lead_review_tag"
                                  }
                                ],
                                "conditional": "{{$_POST.date_from&&$_POST.date_to}}",
                                "table": "lead_review_tag",
                                "id": "lead_review_tag.undefined"
                              },
                              {
                                "condition": "AND",
                                "rules": [
                                  {
                                    "id": "leads.student_status",
                                    "field": "leads.student_status",
                                    "type": "double",
                                    "operator": "equal",
                                    "value": "{{$_POST.student_status}}",
                                    "data": {
                                      "table": "leads",
                                      "column": "student_status",
                                      "type": "number",
                                      "columnObj": {
                                        "type": "integer",
                                        "default": "",
                                        "primary": false,
                                        "nullable": true,
                                        "name": "student_status"
                                      }
                                    },
                                    "operation": "=",
                                    "table": "lead_review_tag"
                                  }
                                ],
                                "conditional": "{{$_POST.student_status}}",
                                "table": "lead_review_tag",
                                "id": "lead_review_tag.undefined"
                              },
                              {
                                "condition": "AND",
                                "rules": [
                                  {
                                    "id": "leads.lead_status",
                                    "field": "leads.lead_status",
                                    "type": "double",
                                    "operator": "equal",
                                    "value": "{{$_POST.filter_lead_status}}",
                                    "data": {
                                      "table": "leads",
                                      "column": "lead_status",
                                      "type": "number",
                                      "columnObj": {
                                        "type": "integer",
                                        "default": "",
                                        "primary": false,
                                        "nullable": true,
                                        "name": "lead_status"
                                      }
                                    },
                                    "operation": "=",
                                    "table": "lead_review_tag"
                                  }
                                ],
                                "conditional": "{{$_POST.filter_lead_status}}",
                                "table": "lead_review_tag",
                                "id": "lead_review_tag.undefined"
                              },
                              {
                                "condition": "AND",
                                "rules": [
                                  {
                                    "id": "leads.assigned_to",
                                    "field": "leads.assigned_to",
                                    "type": "double",
                                    "operator": "equal",
                                    "value": "{{$_POST.filter_assigned_to}}",
                                    "data": {
                                      "table": "leads",
                                      "column": "assigned_to",
                                      "type": "number",
                                      "columnObj": {
                                        "type": "integer",
                                        "default": "",
                                        "primary": false,
                                        "nullable": true,
                                        "name": "assigned_to"
                                      }
                                    },
                                    "operation": "=",
                                    "table": "lead_review_tag"
                                  }
                                ],
                                "conditional": "{{$_POST.filter_assigned_to}}",
                                "table": "lead_review_tag",
                                "id": "lead_review_tag.undefined"
                              },
                              {
                                "condition": "AND",
                                "rules": [
                                  {
                                    "id": "lead_review_tag.review_tag_id",
                                    "field": "lead_review_tag.review_tag_id",
                                    "type": "string",
                                    "operator": "equal",
                                    "value": "{{$_POST.review_tag}}",
                                    "data": {
                                      "table": "lead_review_tag",
                                      "column": "review_tag_id",
                                      "type": "text",
                                      "columnObj": {
                                        "name": "review_tag_id"
                                      }
                                    },
                                    "operation": "=",
                                    "table": "lead_review_tag"
                                  }
                                ],
                                "conditional": "{{$_POST.review_tag}}",
                                "table": "lead_review_tag",
                                "id": "lead_review_tag.undefined"
                              }
                            ],
                            "conditional": null,
                            "valid": true
                          }
                        }
                      },
                      "meta": [
                        {
                          "type": "number",
                          "name": "id"
                        }
                      ],
                      "outputType": "array",
                      "type": "dbconnector_select"
                    }
                  },
                  "else": {
                    "steps": {
                      "name": "query",
                      "module": "dbconnector",
                      "action": "select",
                      "options": {
                        "connection": "appdb01",
                        "sql": {
                          "type": "select",
                          "columns": [
                            {
                              "table": "leads",
                              "column": "id",
                              "aggregate": ""
                            }
                          ],
                          "params": [
                            {
                              "operator": "contains",
                              "type": "expression",
                              "name": ":P1",
                              "value": "{{$_POST.fname}}",
                              "test": ""
                            },
                            {
                              "operator": "contains",
                              "type": "expression",
                              "name": ":P2",
                              "value": "{{$_POST.email}}",
                              "test": ""
                            },
                            {
                              "operator": "contains",
                              "type": "expression",
                              "name": ":P3",
                              "value": "{{$_POST.phone}}",
                              "test": ""
                            },
                            {
                              "operator": "equal",
                              "type": "expression",
                              "name": ":P4",
                              "value": "{{$_POST.filter_project_id}}",
                              "test": ""
                            },
                            {
                              "operator": "between",
                              "type": "expression",
                              "name": ":P5",
                              "value": "{{$_POST.date_from}}",
                              "test": ""
                            },
                            {
                              "operator": "between",
                              "type": "expression",
                              "name": ":P6",
                              "value": "{{$_POST.date_to}}",
                              "test": ""
                            },
                            {
                              "operator": "equal",
                              "type": "expression",
                              "name": ":P7",
                              "value": "{{$_POST.student_status}}",
                              "test": ""
                            },
                            {
                              "operator": "equal",
                              "type": "expression",
                              "name": ":P8",
                              "value": "{{$_POST.filter_lead_status}}",
                              "test": ""
                            },
                            {
                              "operator": "equal",
                              "type": "expression",
                              "name": ":P9",
                              "value": "{{$_POST.filter_assigned_to}}",
                              "test": ""
                            }
                          ],
                          "table": {
                            "name": "leads"
                          },
                          "primary": "id",
                          "joins": [],
                          "query": "select `id` from `leads` where (`leads`.`fname` like ?) and (`leads`.`email` like ?) and (`leads`.`phone` like ?) and (`leads`.`project_id` = ?) and (`leads`.`date` between ? and ?) and (`leads`.`student_status` = ?) and (`leads`.`lead_status` = ?) and (`leads`.`assigned_to` = ?)",
                          "wheres": {
                            "condition": "AND",
                            "rules": [
                              {
                                "condition": "AND",
                                "rules": [
                                  {
                                    "id": "leads.fname",
                                    "field": "leads.fname",
                                    "type": "string",
                                    "operator": "contains",
                                    "value": "{{$_POST.fname}}",
                                    "data": {
                                      "table": "leads",
                                      "column": "fname",
                                      "type": "text",
                                      "columnObj": {
                                        "type": "string",
                                        "default": "",
                                        "maxLength": 255,
                                        "primary": false,
                                        "nullable": true,
                                        "name": "fname"
                                      }
                                    },
                                    "operation": "LIKE",
                                    "table": "leads"
                                  }
                                ],
                                "conditional": "{{$_POST.fname}}",
                                "table": "leads",
                                "id": "leads.undefined"
                              },
                              {
                                "condition": "AND",
                                "rules": [
                                  {
                                    "id": "leads.email",
                                    "field": "leads.email",
                                    "type": "string",
                                    "operator": "contains",
                                    "value": "{{$_POST.email}}",
                                    "data": {
                                      "table": "leads",
                                      "column": "email",
                                      "type": "text",
                                      "columnObj": {
                                        "type": "string",
                                        "default": "",
                                        "maxLength": 255,
                                        "primary": false,
                                        "nullable": true,
                                        "name": "email"
                                      }
                                    },
                                    "operation": "LIKE",
                                    "table": "leads"
                                  }
                                ],
                                "conditional": "{{$_POST.email}}",
                                "table": "leads",
                                "id": "leads.undefined"
                              },
                              {
                                "condition": "AND",
                                "rules": [
                                  {
                                    "id": "leads.phone",
                                    "field": "leads.phone",
                                    "type": "string",
                                    "operator": "contains",
                                    "value": "{{$_POST.phone}}",
                                    "data": {
                                      "table": "leads",
                                      "column": "phone",
                                      "type": "text",
                                      "columnObj": {
                                        "type": "string",
                                        "default": "",
                                        "maxLength": 100,
                                        "primary": false,
                                        "nullable": true,
                                        "name": "phone"
                                      }
                                    },
                                    "operation": "LIKE",
                                    "table": "leads"
                                  }
                                ],
                                "conditional": "{{$_POST.phone}}",
                                "table": "leads",
                                "id": "leads.undefined"
                              },
                              {
                                "condition": "AND",
                                "rules": [
                                  {
                                    "id": "leads.project_id",
                                    "field": "leads.project_id",
                                    "type": "double",
                                    "operator": "equal",
                                    "value": "{{$_POST.filter_project_id}}",
                                    "data": {
                                      "table": "leads",
                                      "column": "project_id",
                                      "type": "number",
                                      "columnObj": {
                                        "type": "integer",
                                        "default": "",
                                        "primary": false,
                                        "nullable": true,
                                        "name": "project_id"
                                      }
                                    },
                                    "operation": "=",
                                    "table": "leads"
                                  }
                                ],
                                "conditional": "{{$_POST.filter_project_id}}",
                                "table": "leads",
                                "id": "leads.undefined"
                              },
                              {
                                "condition": "AND",
                                "rules": [
                                  {
                                    "id": "leads.date",
                                    "field": "leads.date",
                                    "type": "datetime",
                                    "operator": "between",
                                    "value": [
                                      "{{$_POST.date_from}}",
                                      "{{$_POST.date_to}}"
                                    ],
                                    "data": {
                                      "table": "leads",
                                      "column": "date",
                                      "type": "datetime",
                                      "columnObj": {
                                        "type": "datetime",
                                        "default": "",
                                        "primary": false,
                                        "nullable": true,
                                        "name": "date"
                                      }
                                    },
                                    "operation": "BETWEEN",
                                    "table": "leads"
                                  }
                                ],
                                "conditional": "{{$_POST.date_from&&$_POST.date_to}}",
                                "table": "leads",
                                "id": "leads.undefined"
                              },
                              {
                                "condition": "AND",
                                "rules": [
                                  {
                                    "id": "leads.student_status",
                                    "field": "leads.student_status",
                                    "type": "double",
                                    "operator": "equal",
                                    "value": "{{$_POST.student_status}}",
                                    "data": {
                                      "table": "leads",
                                      "column": "student_status",
                                      "type": "number",
                                      "columnObj": {
                                        "type": "integer",
                                        "default": "",
                                        "primary": false,
                                        "nullable": true,
                                        "name": "student_status"
                                      }
                                    },
                                    "operation": "=",
                                    "table": "leads"
                                  }
                                ],
                                "conditional": "{{$_POST.student_status}}",
                                "table": "leads",
                                "id": "leads.undefined"
                              },
                              {
                                "condition": "AND",
                                "rules": [
                                  {
                                    "id": "leads.lead_status",
                                    "field": "leads.lead_status",
                                    "type": "double",
                                    "operator": "equal",
                                    "value": "{{$_POST.filter_lead_status}}",
                                    "data": {
                                      "table": "leads",
                                      "column": "lead_status",
                                      "type": "number",
                                      "columnObj": {
                                        "type": "integer",
                                        "default": "",
                                        "primary": false,
                                        "nullable": true,
                                        "name": "lead_status"
                                      }
                                    },
                                    "operation": "=",
                                    "table": "leads"
                                  }
                                ],
                                "conditional": "{{$_POST.filter_lead_status}}",
                                "table": "leads",
                                "id": "leads.undefined"
                              },
                              {
                                "condition": "AND",
                                "rules": [
                                  {
                                    "id": "leads.assigned_to",
                                    "field": "leads.assigned_to",
                                    "type": "double",
                                    "operator": "equal",
                                    "value": "{{$_POST.filter_assigned_to}}",
                                    "data": {
                                      "table": "leads",
                                      "column": "assigned_to",
                                      "type": "number",
                                      "columnObj": {
                                        "type": "integer",
                                        "default": "",
                                        "primary": false,
                                        "nullable": true,
                                        "name": "assigned_to"
                                      }
                                    },
                                    "operation": "=",
                                    "table": "leads"
                                  }
                                ],
                                "conditional": "{{$_POST.filter_assigned_to}}",
                                "table": "leads",
                                "id": "leads.undefined"
                              }
                            ],
                            "conditional": null,
                            "valid": true
                          }
                        }
                      },
                      "meta": [
                        {
                          "type": "number",
                          "name": "id"
                        }
                      ],
                      "outputType": "array",
                      "type": "dbconnector_select"
                    }
                  }
                },
                "outputType": "boolean"
              },
              {
                "name": "leadids",
                "module": "core",
                "action": "setvalue",
                "options": {
                  "key": "leadids",
                  "value": "{{query.unique('id')}}",
                  "schema": [
                    {
                      "type": "number",
                      "name": "id"
                    }
                  ]
                },
                "meta": [
                  {
                    "type": "number",
                    "name": "id"
                  }
                ],
                "outputType": "object",
                "output": true
              },
              {
                "name": "repeat",
                "module": "core",
                "action": "repeat",
                "options": {
                  "repeat": "{{leadids}}",
                  "outputFields": [],
                  "exec": {
                    "steps": [
                      {
                        "name": "update",
                        "module": "dbupdater",
                        "action": "update",
                        "options": {
                          "connection": "appdb01",
                          "sql": {
                            "type": "update",
                            "values": [
                              {
                                "table": "leads",
                                "column": "assigned_to",
                                "type": "number",
                                "value": "{{$_POST.assigned_to}}"
                              },
                              {
                                "table": "leads",
                                "column": "lead_status",
                                "type": "number",
                                "value": "{{$_POST.lead_status}}"
                              },
                              {
                                "table": "leads",
                                "column": "updated_by",
                                "type": "number",
                                "value": "{{$_POST.created_by}}"
                              },
                              {
                                "table": "leads",
                                "column": "updated_on",
                                "type": "datetime",
                                "value": "{{$_POST.updated_on}}"
                              },
                              {
                                "table": "leads",
                                "column": "project_id",
                                "type": "number",
                                "value": "{{$_POST.project_id}}"
                              }
                            ],
                            "table": "leads",
                            "wheres": {
                              "condition": "AND",
                              "rules": [
                                {
                                  "id": "id",
                                  "field": "id",
                                  "type": "double",
                                  "operator": "equal",
                                  "value": "{{$value}}",
                                  "data": {
                                    "column": "id"
                                  },
                                  "operation": "="
                                }
                              ],
                              "conditional": null,
                              "valid": true
                            },
                            "returning": "id",
                            "query": "update `leads` set `assigned_to` = ?, `lead_status` = ?, `updated_by` = ?, `updated_on` = ?, `project_id` = ? where `id` = ?",
                            "params": [
                              {
                                "name": ":P1",
                                "type": "expression",
                                "value": "{{$_POST.assigned_to}}",
                                "test": ""
                              },
                              {
                                "name": ":P2",
                                "type": "expression",
                                "value": "{{$_POST.lead_status}}",
                                "test": ""
                              },
                              {
                                "name": ":P3",
                                "type": "expression",
                                "value": "{{$_POST.created_by}}",
                                "test": ""
                              },
                              {
                                "name": ":P4",
                                "type": "expression",
                                "value": "{{$_POST.updated_on}}",
                                "test": ""
                              },
                              {
                                "name": ":P5",
                                "type": "expression",
                                "value": "{{$_POST.project_id}}",
                                "test": ""
                              },
                              {
                                "operator": "equal",
                                "type": "expression",
                                "name": ":P6",
                                "value": "{{$value}}",
                                "test": ""
                              }
                            ]
                          }
                        },
                        "meta": [
                          {
                            "name": "affected",
                            "type": "number"
                          }
                        ]
                      },
                      {
                        "name": "insert",
                        "module": "dbupdater",
                        "action": "insert",
                        "options": {
                          "connection": "appdb01",
                          "sql": {
                            "type": "insert",
                            "values": [
                              {
                                "table": "history_actions",
                                "column": "lead_id",
                                "type": "number",
                                "value": "{{$value}}"
                              },
                              {
                                "table": "history_actions",
                                "column": "lead_type",
                                "type": "text",
                                "value": "{{$_POST.lead_type}}"
                              },
                              {
                                "table": "history_actions",
                                "column": "lead_status",
                                "type": "number",
                                "value": "{{$_POST.lead_status}}"
                              },
                              {
                                "table": "history_actions",
                                "column": "batch_id",
                                "type": "number",
                                "value": "{{$_POST.batch_id}}"
                              },
                              {
                                "table": "history_actions",
                                "column": "project_id",
                                "type": "number",
                                "value": "{{$_POST.project_id}}"
                              },
                              {
                                "table": "history_actions",
                                "column": "assign_to",
                                "type": "number",
                                "value": "{{$_POST.assigned_to}}"
                              },
                              {
                                "table": "history_actions",
                                "column": "created_by",
                                "type": "number",
                                "value": "{{$_POST.created_by}}"
                              }
                            ],
                            "table": "history_actions",
                            "returning": "history_id",
                            "query": "insert into `history_actions` (`assign_to`, `batch_id`, `created_by`, `lead_id`, `lead_status`, `lead_type`, `project_id`) values (?, ?, ?, ?, ?, ?, ?)",
                            "params": [
                              {
                                "name": ":P1",
                                "type": "expression",
                                "value": "{{$value}}",
                                "test": ""
                              },
                              {
                                "name": ":P2",
                                "type": "expression",
                                "value": "{{$_POST.lead_type}}",
                                "test": ""
                              },
                              {
                                "name": ":P3",
                                "type": "expression",
                                "value": "{{$_POST.lead_status}}",
                                "test": ""
                              },
                              {
                                "name": ":P4",
                                "type": "expression",
                                "value": "{{$_POST.batch_id}}",
                                "test": ""
                              },
                              {
                                "name": ":P5",
                                "type": "expression",
                                "value": "{{$_POST.project_id}}",
                                "test": ""
                              },
                              {
                                "name": ":P6",
                                "type": "expression",
                                "value": "{{$_POST.assigned_to}}",
                                "test": ""
                              },
                              {
                                "name": ":P7",
                                "type": "expression",
                                "value": "{{$_POST.created_by}}",
                                "test": ""
                              }
                            ]
                          }
                        },
                        "meta": [
                          {
                            "name": "identity",
                            "type": "text"
                          },
                          {
                            "name": "affected",
                            "type": "number"
                          }
                        ]
                      }
                    ]
                  }
                },
                "meta": [
                  {
                    "name": "$index",
                    "type": "number"
                  },
                  {
                    "name": "$number",
                    "type": "number"
                  },
                  {
                    "name": "$name",
                    "type": "text"
                  },
                  {
                    "name": "$value",
                    "type": "object"
                  }
                ],
                "outputType": "array"
              },
              {
                "name": "dbstartcommit",
                "module": "core",
                "action": "exec",
                "options": {
                  "exec": "db/transactionCommit"
                }
              },
              {
                "name": "result",
                "module": "core",
                "action": "setvalue",
                "options": {
                  "key": "result",
                  "value": true
                },
                "meta": [],
                "output": true,
                "outputType": "text"
              },
              {
                "name": "message",
                "module": "core",
                "action": "setvalue",
                "options": {
                  "key": "message",
                  "value": " inserted successfully!"
                },
                "meta": [],
                "outputType": "text",
                "output": true,
                "disabled": true
              }
            ]
          },
          "catch": {
            "steps": [
              {
                "name": "dbtransrollback",
                "module": "core",
                "action": "exec",
                "options": {
                  "exec": "db/transactionRollback"
                }
              },
              {
                "name": "result",
                "module": "core",
                "action": "setvalue",
                "options": {
                  "key": "result",
                  "value": false
                },
                "meta": [],
                "outputType": "text",
                "output": true
              },
              {
                "name": "message",
                "module": "core",
                "action": "setvalue",
                "options": {
                  "key": "message",
                  "value": "{{$_ERROR}}"
                },
                "meta": [],
                "outputType": "text",
                "output": true
              }
            ]
          }
        }
      }
    ]
  }
}