{
  "meta": {
    "$_GET": [
      {
        "type": "text",
        "name": "offset"
      },
      {
        "type": "text",
        "name": "limit"
      },
      {
        "type": "text",
        "name": "sort"
      },
      {
        "type": "text",
        "name": "dir"
      }
    ],
    "$_POST": [
      {
        "type": "text",
        "name": "batch_lead_id"
      },
      {
        "type": "text",
        "name": "batch_label"
      },
      {
        "type": "text",
        "name": "lead_id"
      }
    ]
  },
  "exec": {
    "steps": [
      {
        "name": "",
        "module": "core",
        "action": "condition",
        "options": {
          "if": "{{$_ENV.ENV=='\\'dev\\''}}",
          "then": {
            "steps": {
              "name": "wait",
              "module": "core",
              "action": "wait",
              "options": {
                "delay": 3000
              }
            }
          }
        },
        "outputType": "boolean"
      },
      {
        "name": "",
        "module": "core",
        "action": "trycatch",
        "options": {
          "try": {
            "steps": [
              {
                "name": "dbtransstart",
                "module": "core",
                "action": "exec",
                "options": {
                  "exec": "db/transactionStart"
                }
              },
              {
                "name": "query",
                "module": "dbconnector",
                "action": "paged",
                "options": {
                  "connection": "appdb01",
                  "sql": {
                    "type": "select",
                    "columns": [],
                    "params": [
                      {
                        "operator": "equal",
                        "type": "expression",
                        "name": ":P1",
                        "value": "{{$_POST.batch_lead_id}}",
                        "test": ""
                      },
                      {
                        "operator": "contains",
                        "type": "expression",
                        "name": ":P2",
                        "value": "{{$_POST.batch_label}}",
                        "test": ""
                      },
                      {
                        "operator": "contains",
                        "type": "expression",
                        "name": ":P3",
                        "value": "{{$_POST.lead_id}}",
                        "test": ""
                      }
                    ],
                    "table": {
                      "name": "batch_lead"
                    },
                    "primary": "batch_lead_id",
                    "joins": [],
                    "query": "select * from `batch_lead` where ((`batch_lead`.`batch_lead_id` = ?) and (`batch_lead`.`batch_label` like ?) and (`batch_lead`.`lead_id` like ?))",
                    "wheres": {
                      "condition": "AND",
                      "rules": [
                        {
                          "condition": "AND",
                          "rules": [
                            {
                              "condition": "AND",
                              "rules": [
                                {
                                  "id": "batch_lead.batch_lead_id",
                                  "field": "batch_lead.batch_lead_id",
                                  "type": "double",
                                  "operator": "equal",
                                  "value": "{{$_POST.batch_lead_id}}",
                                  "data": {
                                    "table": "batch_lead",
                                    "column": "batch_lead_id",
                                    "type": "number",
                                    "columnObj": {
                                      "type": "increments",
                                      "primary": true,
                                      "nullable": false,
                                      "name": "batch_lead_id"
                                    }
                                  },
                                  "operation": "="
                                }
                              ],
                              "conditional": "{{$_POST.batch_lead_id}}"
                            },
                            {
                              "condition": "AND",
                              "rules": [
                                {
                                  "id": "batch_lead.batch_label",
                                  "field": "batch_lead.batch_label",
                                  "type": "string",
                                  "operator": "contains",
                                  "value": "{{$_POST.batch_label}}",
                                  "data": {
                                    "table": "batch_lead",
                                    "column": "batch_label",
                                    "type": "text",
                                    "columnObj": {
                                      "type": "string",
                                      "default": "",
                                      "maxLength": 255,
                                      "primary": false,
                                      "nullable": true,
                                      "name": "batch_label"
                                    }
                                  },
                                  "operation": "LIKE"
                                }
                              ],
                              "conditional": "{{$_POST.batch_label}}"
                            },
                            {
                              "condition": "AND",
                              "rules": [
                                {
                                  "id": "batch_lead.lead_id",
                                  "field": "batch_lead.lead_id",
                                  "type": "string",
                                  "operator": "contains",
                                  "value": "{{$_POST.lead_id}}",
                                  "data": {
                                    "table": "batch_lead",
                                    "column": "lead_id",
                                    "type": "text",
                                    "columnObj": {
                                      "type": "text",
                                      "default": "",
                                      "maxLength": 65535,
                                      "primary": false,
                                      "nullable": true,
                                      "name": "lead_id"
                                    }
                                  },
                                  "operation": "LIKE"
                                }
                              ],
                              "conditional": "{{$_POST.lead_id}}"
                            }
                          ],
                          "conditional": null
                        }
                      ],
                      "conditional": null,
                      "valid": true
                    }
                  }
                },
                "meta": [
                  {
                    "name": "offset",
                    "type": "number"
                  },
                  {
                    "name": "limit",
                    "type": "number"
                  },
                  {
                    "name": "total",
                    "type": "number"
                  },
                  {
                    "name": "page",
                    "type": "object",
                    "sub": [
                      {
                        "name": "offset",
                        "type": "object",
                        "sub": [
                          {
                            "name": "first",
                            "type": "number"
                          },
                          {
                            "name": "prev",
                            "type": "number"
                          },
                          {
                            "name": "next",
                            "type": "number"
                          },
                          {
                            "name": "last",
                            "type": "number"
                          }
                        ]
                      },
                      {
                        "name": "current",
                        "type": "number"
                      },
                      {
                        "name": "total",
                        "type": "number"
                      }
                    ]
                  },
                  {
                    "name": "data",
                    "type": "array",
                    "sub": [
                      {
                        "type": "number",
                        "name": "batch_lead_id"
                      },
                      {
                        "type": "text",
                        "name": "batch_label"
                      },
                      {
                        "type": "text",
                        "name": "lead_id"
                      },
                      {
                        "type": "text",
                        "name": "lead_type"
                      },
                      {
                        "type": "number",
                        "name": "user_id"
                      },
                      {
                        "type": "number",
                        "name": "records_count"
                      },
                      {
                        "type": "datetime",
                        "name": "created_on"
                      },
                      {
                        "type": "number",
                        "name": "created_by"
                      },
                      {
                        "type": "datetime",
                        "name": "updated_on"
                      },
                      {
                        "type": "number",
                        "name": "updated_by"
                      }
                    ]
                  }
                ],
                "outputType": "object"
              },
              {
                "name": "dbstartcommit",
                "module": "core",
                "action": "exec",
                "options": {
                  "exec": "db/transactionCommit"
                }
              },
              {
                "name": "result",
                "module": "core",
                "action": "setvalue",
                "options": {
                  "key": "result",
                  "value": true
                },
                "meta": [],
                "outputType": "text",
                "output": true
              },
              {
                "name": "data",
                "module": "core",
                "action": "setvalue",
                "options": {
                  "key": "data",
                  "value": "{{query}}"
                },
                "meta": [
                  {
                    "name": "offset",
                    "type": "number"
                  },
                  {
                    "name": "limit",
                    "type": "number"
                  },
                  {
                    "name": "total",
                    "type": "number"
                  },
                  {
                    "name": "page",
                    "type": "object",
                    "sub": [
                      {
                        "name": "offset",
                        "type": "object",
                        "sub": [
                          {
                            "name": "first",
                            "type": "number"
                          },
                          {
                            "name": "prev",
                            "type": "number"
                          },
                          {
                            "name": "next",
                            "type": "number"
                          },
                          {
                            "name": "last",
                            "type": "number"
                          }
                        ]
                      },
                      {
                        "name": "current",
                        "type": "number"
                      },
                      {
                        "name": "total",
                        "type": "number"
                      }
                    ]
                  },
                  {
                    "name": "data",
                    "type": "array",
                    "sub": [
                      {
                        "name": "batch_lead_id",
                        "type": "number"
                      },
                      {
                        "name": "batch_label",
                        "type": "text"
                      },
                      {
                        "name": "lead_id",
                        "type": "text"
                      },
                      {
                        "name": "lead_type",
                        "type": "text"
                      },
                      {
                        "name": "user_id",
                        "type": "number"
                      },
                      {
                        "name": "records_count",
                        "type": "number"
                      },
                      {
                        "name": "created_on",
                        "type": "datetime"
                      },
                      {
                        "name": "created_by",
                        "type": "number"
                      },
                      {
                        "name": "updated_on",
                        "type": "datetime"
                      },
                      {
                        "name": "updated_by",
                        "type": "number"
                      }
                    ]
                  }
                ],
                "outputType": "text",
                "output": true
              }
            ]
          },
          "catch": {
            "steps": [
              {
                "name": "dbtransrollback",
                "module": "core",
                "action": "exec",
                "options": {
                  "exec": "db/transactionRollback"
                }
              },
              {
                "name": "result",
                "module": "core",
                "action": "setvalue",
                "options": {
                  "key": "result",
                  "value": false
                },
                "meta": [],
                "output": true,
                "outputType": "text"
              },
              {
                "name": "message",
                "module": "core",
                "action": "setvalue",
                "options": {
                  "key": "message",
                  "value": "{{$_ERROR}}"
                },
                "meta": [],
                "output": true,
                "outputType": "text"
              }
            ]
          }
        }
      }
    ]
  }
}