{
  "meta": {
    "$_POST": [
      {
        "type": "number",
        "name": "response_id"
      },
      {
        "type": "datetime",
        "name": "date"
      },
      {
        "type": "text",
        "name": "adsource"
      },
      {
        "type": "number",
        "name": "student_status"
      },
      {
        "type": "text",
        "name": "source_project"
      },
      {
        "type": "text",
        "name": "fname"
      },
      {
        "type": "text",
        "name": "lname"
      },
      {
        "type": "text",
        "name": "email"
      },
      {
        "type": "text",
        "name": "phone"
      },
      {
        "type": "text",
        "name": "address_place"
      },
      {
        "type": "text",
        "name": "address_street"
      },
      {
        "type": "text",
        "name": "address_city"
      },
      {
        "type": "text",
        "name": "address_state"
      },
      {
        "type": "number",
        "name": "address_zip"
      },
      {
        "type": "number",
        "name": "address_lati"
      },
      {
        "type": "number",
        "name": "address_longi"
      },
      {
        "type": "text",
        "name": "howheardsrc"
      },
      {
        "type": "text",
        "name": "prefcomms"
      },
      {
        "type": "number",
        "name": "ok2sms"
      },
      {
        "type": "number",
        "name": "notifysurv"
      },
      {
        "type": "number",
        "name": "project_id"
      },
      {
        "type": "text",
        "name": "camp_resident"
      },
      {
        "type": "number",
        "name": "dormitory"
      },
      {
        "type": "text",
        "name": "dormitory_other"
      },
      {
        "type": "number",
        "name": "married_spouse"
      },
      {
        "type": "number",
        "name": "other_rommate_nonttu"
      },
      {
        "type": "number",
        "name": "live_with_parents"
      },
      {
        "type": "text",
        "name": "applinks_pin"
      },
      {
        "type": "number",
        "name": "live_in_studyarea"
      },
      {
        "type": "number",
        "name": "hh_income"
      },
      {
        "type": "number",
        "name": "hh_size"
      },
      {
        "type": "number",
        "name": "assigned_to"
      },
      {
        "type": "number",
        "name": "lead_status"
      },
      {
        "type": "number",
        "name": "created_by"
      }
    ]
  },
  "exec": {
    "steps": [
      {
        "name": "",
        "module": "core",
        "action": "condition",
        "options": {
          "if": "{{$_ENV.ENV=='\\'dev\\''}}",
          "then": {
            "steps": {
              "name": "wait",
              "module": "core",
              "action": "wait",
              "options": {
                "delay": 3000
              }
            }
          }
        },
        "outputType": "boolean"
      },
      {
        "name": "",
        "module": "core",
        "action": "trycatch",
        "options": {
          "try": {
            "steps": [
              {
                "name": "validate",
                "module": "validator",
                "action": "validate",
                "options": {
                  "data": [
                    {
                      "name": "responseid",
                      "value": "{{$_POST.response_id}}",
                      "rules": {
                        "core:required": {
                          "message": "Response id is required."
                        }
                      }
                    },
                    {
                      "name": "date",
                      "value": "{{$_POST.date}}",
                      "rules": {
                        "core:required": {
                          "message": "Date is required."
                        }
                      }
                    },
                    {
                      "name": "first name",
                      "value": "{{$_POST.fname}}",
                      "rules": {
                        "core:required": {
                          "message": "First name is required."
                        }
                      }
                    },
                    {
                      "name": "last name",
                      "value": "{{$_POST.lname}}",
                      "rules": {
                        "core:required": {
                          "message": "Last name is required."
                        }
                      }
                    },
                    {
                      "name": "email",
                      "value": "{{$_POST.email}}",
                      "rules": {
                        "core:required": {
                          "message": "Email is required."
                        }
                      }
                    },
                    {
                      "name": "phone",
                      "value": "{{$_POST.phone}}",
                      "rules": {
                        "core:required": {
                          "message": "Phone is required."
                        }
                      }
                    },
                    {
                      "name": "place",
                      "value": "{{$_POST.address_place}}",
                      "rules": {}
                    },
                    {
                      "name": "city",
                      "value": "{{$_POST.address_city}}",
                      "rules": {
                        "core:required": {
                          "message": "City is required."
                        }
                      }
                    },
                    {
                      "name": "state",
                      "value": "{{$_POST.address_state}}",
                      "rules": {
                        "core:required": {
                          "message": "State is required."
                        }
                      }
                    },
                    {
                      "name": "zip",
                      "value": "{{$_POST.address_zip}}",
                      "rules": {
                        "core:required": {
                          "message": "Zip is required."
                        }
                      }
                    },
                    {
                      "name": "project",
                      "value": "{{$_POST.project_id}}",
                      "rules": {
                        "core:required": {
                          "message": "Project Id is required."
                        }
                      }
                    },
                    {
                      "name": "studentstatus",
                      "value": "{{$_POST.student_status}}",
                      "rules": {
                        "core:required": {
                          "message": "Student status is required."
                        }
                      }
                    }
                  ]
                }
              },
              {
                "name": "dbtransstart",
                "module": "core",
                "action": "exec",
                "options": {
                  "exec": "db/transactionStart"
                }
              },
              {
                "name": "insert",
                "module": "dbupdater",
                "action": "insert",
                "options": {
                  "connection": "appdb01",
                  "sql": {
                    "type": "insert",
                    "values": [
                      {
                        "table": "leads",
                        "column": "response_id",
                        "type": "number",
                        "value": "{{$_POST.response_id}}"
                      },
                      {
                        "table": "leads",
                        "column": "date",
                        "type": "datetime",
                        "value": "{{$_POST.date}}"
                      },
                      {
                        "table": "leads",
                        "column": "adsource",
                        "type": "text",
                        "value": "{{$_POST.adsource}}"
                      },
                      {
                        "table": "leads",
                        "column": "student_status",
                        "type": "number",
                        "value": "{{$_POST.student_status}}"
                      },
                      {
                        "table": "leads",
                        "column": "source_project",
                        "type": "text",
                        "value": "{{$_POST.source_project}}"
                      },
                      {
                        "table": "leads",
                        "column": "fname",
                        "type": "text",
                        "value": "{{$_POST.fname}}"
                      },
                      {
                        "table": "leads",
                        "column": "lname",
                        "type": "text",
                        "value": "{{$_POST.lname}}"
                      },
                      {
                        "table": "leads",
                        "column": "email",
                        "type": "text",
                        "value": "{{$_POST.email}}"
                      },
                      {
                        "table": "leads",
                        "column": "phone",
                        "type": "text",
                        "value": "{{$_POST.phone}}"
                      },
                      {
                        "table": "leads",
                        "column": "address_place",
                        "type": "text",
                        "value": "{{$_POST.address_place}}"
                      },
                      {
                        "table": "leads",
                        "column": "address_street",
                        "type": "text",
                        "value": "{{$_POST.address_street}}"
                      },
                      {
                        "table": "leads",
                        "column": "address_city",
                        "type": "text",
                        "value": "{{$_POST.address_city}}"
                      },
                      {
                        "table": "leads",
                        "column": "address_state",
                        "type": "text",
                        "value": "{{$_POST.address_state}}"
                      },
                      {
                        "table": "leads",
                        "column": "address_zip",
                        "type": "number",
                        "value": "{{$_POST.address_zip}}"
                      },
                      {
                        "table": "leads",
                        "column": "address_lati",
                        "type": "number",
                        "value": "{{$_POST.address_lati}}"
                      },
                      {
                        "table": "leads",
                        "column": "address_longi",
                        "type": "number",
                        "value": "{{$_POST.address_longi}}"
                      },
                      {
                        "table": "leads",
                        "column": "howheardsrc",
                        "type": "text",
                        "value": "{{$_POST.howheardsrc}}"
                      },
                      {
                        "table": "leads",
                        "column": "prefcomms",
                        "type": "text",
                        "value": "{{$_POST.prefcomms}}"
                      },
                      {
                        "table": "leads",
                        "column": "ok2sms",
                        "type": "number",
                        "value": "{{$_POST.ok2sms}}"
                      },
                      {
                        "table": "leads",
                        "column": "notifysurv",
                        "type": "number",
                        "value": "{{$_POST.notifysurv}}"
                      },
                      {
                        "table": "leads",
                        "column": "project_id",
                        "type": "number",
                        "value": "{{$_POST.project_id}}"
                      },
                      {
                        "table": "leads",
                        "column": "camp_resident",
                        "type": "text",
                        "value": "{{$_POST.camp_resident}}"
                      },
                      {
                        "table": "leads",
                        "column": "dormitory",
                        "type": "number",
                        "value": "{{$_POST.dormitory}}"
                      },
                      {
                        "table": "leads",
                        "column": "dormitory_other",
                        "type": "text",
                        "value": "{{$_POST.dormitory_other}}"
                      },
                      {
                        "table": "leads",
                        "column": "married_spouse",
                        "type": "number",
                        "value": "{{$_POST.married_spouse}}"
                      },
                      {
                        "table": "leads",
                        "column": "other_rommate_nonttu",
                        "type": "number",
                        "value": "{{$_POST.other_rommate_nonttu}}"
                      },
                      {
                        "table": "leads",
                        "column": "live_with_parents",
                        "type": "number",
                        "value": "{{$_POST.live_with_parents}}"
                      },
                      {
                        "table": "leads",
                        "column": "applinks_pin",
                        "type": "text",
                        "value": "{{$_POST.applinks_pin}}"
                      },
                      {
                        "table": "leads",
                        "column": "live_in_studyarea",
                        "type": "number",
                        "value": "{{$_POST.live_in_studyarea}}"
                      },
                      {
                        "table": "leads",
                        "column": "hh_income",
                        "type": "number",
                        "value": "{{$_POST.hh_income}}"
                      },
                      {
                        "table": "leads",
                        "column": "hh_size",
                        "type": "number",
                        "value": "{{$_POST.hh_size}}"
                      },
                      {
                        "table": "leads",
                        "column": "assigned_to",
                        "type": "number",
                        "value": "{{$_POST.assigned_to}}"
                      },
                      {
                        "table": "leads",
                        "column": "lead_status",
                        "type": "number",
                        "value": "{{$_POST.lead_status}}"
                      },
                      {
                        "table": "leads",
                        "column": "created_by",
                        "type": "number",
                        "value": "{{$_POST.created_by}}"
                      }
                    ],
                    "table": "leads",
                    "returning": "id",
                    "query": "insert into `leads` (`address_city`, `address_lati`, `address_longi`, `address_place`, `address_state`, `address_street`, `address_zip`, `adsource`, `applinks_pin`, `assigned_to`, `camp_resident`, `created_by`, `date`, `dormitory`, `dormitory_other`, `email`, `fname`, `hh_income`, `hh_size`, `howheardsrc`, `lead_status`, `live_in_studyarea`, `live_with_parents`, `lname`, `married_spouse`, `notifysurv`, `ok2sms`, `other_rommate_nonttu`, `phone`, `prefcomms`, `project_id`, `response_id`, `source_project`, `student_status`) values (?, ?, ?, ?, ?, ?, ?, ?, ?, ?, ?, ?, ?, ?, ?, ?, ?, ?, ?, ?, ?, ?, ?, ?, ?, ?, ?, ?, ?, ?, ?, ?, ?, ?)",
                    "params": [
                      {
                        "name": ":P1",
                        "type": "expression",
                        "value": "{{$_POST.response_id}}",
                        "test": ""
                      },
                      {
                        "name": ":P2",
                        "type": "expression",
                        "value": "{{$_POST.date}}",
                        "test": ""
                      },
                      {
                        "name": ":P3",
                        "type": "expression",
                        "value": "{{$_POST.adsource}}",
                        "test": ""
                      },
                      {
                        "name": ":P4",
                        "type": "expression",
                        "value": "{{$_POST.student_status}}",
                        "test": ""
                      },
                      {
                        "name": ":P5",
                        "type": "expression",
                        "value": "{{$_POST.source_project}}",
                        "test": ""
                      },
                      {
                        "name": ":P6",
                        "type": "expression",
                        "value": "{{$_POST.fname}}",
                        "test": ""
                      },
                      {
                        "name": ":P7",
                        "type": "expression",
                        "value": "{{$_POST.lname}}",
                        "test": ""
                      },
                      {
                        "name": ":P8",
                        "type": "expression",
                        "value": "{{$_POST.email}}",
                        "test": ""
                      },
                      {
                        "name": ":P9",
                        "type": "expression",
                        "value": "{{$_POST.phone}}",
                        "test": ""
                      },
                      {
                        "name": ":P10",
                        "type": "expression",
                        "value": "{{$_POST.address_place}}",
                        "test": ""
                      },
                      {
                        "name": ":P11",
                        "type": "expression",
                        "value": "{{$_POST.address_street}}",
                        "test": ""
                      },
                      {
                        "name": ":P12",
                        "type": "expression",
                        "value": "{{$_POST.address_city}}",
                        "test": ""
                      },
                      {
                        "name": ":P13",
                        "type": "expression",
                        "value": "{{$_POST.address_state}}",
                        "test": ""
                      },
                      {
                        "name": ":P14",
                        "type": "expression",
                        "value": "{{$_POST.address_zip}}",
                        "test": ""
                      },
                      {
                        "name": ":P15",
                        "type": "expression",
                        "value": "{{$_POST.address_lati}}",
                        "test": ""
                      },
                      {
                        "name": ":P16",
                        "type": "expression",
                        "value": "{{$_POST.address_longi}}",
                        "test": ""
                      },
                      {
                        "name": ":P17",
                        "type": "expression",
                        "value": "{{$_POST.howheardsrc}}",
                        "test": ""
                      },
                      {
                        "name": ":P18",
                        "type": "expression",
                        "value": "{{$_POST.prefcomms}}",
                        "test": ""
                      },
                      {
                        "name": ":P19",
                        "type": "expression",
                        "value": "{{$_POST.ok2sms}}",
                        "test": ""
                      },
                      {
                        "name": ":P20",
                        "type": "expression",
                        "value": "{{$_POST.notifysurv}}",
                        "test": ""
                      },
                      {
                        "name": ":P21",
                        "type": "expression",
                        "value": "{{$_POST.project_id}}",
                        "test": ""
                      },
                      {
                        "name": ":P22",
                        "type": "expression",
                        "value": "{{$_POST.camp_resident}}",
                        "test": ""
                      },
                      {
                        "name": ":P23",
                        "type": "expression",
                        "value": "{{$_POST.dormitory}}",
                        "test": ""
                      },
                      {
                        "name": ":P24",
                        "type": "expression",
                        "value": "{{$_POST.dormitory_other}}",
                        "test": ""
                      },
                      {
                        "name": ":P25",
                        "type": "expression",
                        "value": "{{$_POST.married_spouse}}",
                        "test": ""
                      },
                      {
                        "name": ":P26",
                        "type": "expression",
                        "value": "{{$_POST.other_rommate_nonttu}}",
                        "test": ""
                      },
                      {
                        "name": ":P27",
                        "type": "expression",
                        "value": "{{$_POST.live_with_parents}}",
                        "test": ""
                      },
                      {
                        "name": ":P28",
                        "type": "expression",
                        "value": "{{$_POST.applinks_pin}}",
                        "test": ""
                      },
                      {
                        "name": ":P29",
                        "type": "expression",
                        "value": "{{$_POST.live_in_studyarea}}",
                        "test": ""
                      },
                      {
                        "name": ":P30",
                        "type": "expression",
                        "value": "{{$_POST.hh_income}}",
                        "test": ""
                      },
                      {
                        "name": ":P31",
                        "type": "expression",
                        "value": "{{$_POST.hh_size}}",
                        "test": ""
                      },
                      {
                        "name": ":P32",
                        "type": "expression",
                        "value": "{{$_POST.assigned_to}}",
                        "test": ""
                      },
                      {
                        "name": ":P33",
                        "type": "expression",
                        "value": "{{$_POST.lead_status}}",
                        "test": ""
                      },
                      {
                        "name": ":P34",
                        "type": "expression",
                        "value": "{{$_POST.created_by}}",
                        "test": ""
                      }
                    ]
                  }
                },
                "meta": [
                  {
                    "name": "identity",
                    "type": "text"
                  },
                  {
                    "name": "affected",
                    "type": "number"
                  }
                ]
              },
              {
                "name": "dbstartcommit",
                "module": "core",
                "action": "exec",
                "options": {
                  "exec": "db/transactionCommit"
                }
              },
              {
                "name": "result",
                "module": "core",
                "action": "setvalue",
                "options": {
                  "key": "result",
                  "value": true
                },
                "meta": [],
                "outputType": "text",
                "output": true
              },
              {
                "name": "message",
                "module": "core",
                "action": "setvalue",
                "options": {
                  "key": "message",
                  "value": "{{'Lead id '+insert.identity+' created successfully!'}}"
                },
                "meta": [],
                "outputType": "text",
                "output": true
              }
            ]
          },
          "catch": {
            "steps": [
              {
                "name": "dbtransrollback",
                "module": "core",
                "action": "exec",
                "options": {
                  "exec": "db/transactionRollback"
                }
              },
              {
                "name": "message",
                "module": "core",
                "action": "setvalue",
                "options": {
                  "key": "message",
                  "value": "{{$_ERROR}}"
                },
                "meta": [],
                "outputType": "text",
                "output": true
              },
              {
                "name": "result",
                "module": "core",
                "action": "setvalue",
                "options": {
                  "key": "result",
                  "value": false
                },
                "meta": [],
                "outputType": "text",
                "output": true
              }
            ]
          }
        }
      }
    ]
  }
}