{
  "meta": {
    "$_POST": [
      {
        "type": "text",
        "name": "id"
      }
    ]
  },
  "exec": {
    "steps": [
      {
        "name": "",
        "module": "core",
        "action": "condition",
        "options": {
          "if": "{{$_ENV.ENV=='\\'dev\\''}}",
          "then": {
            "steps": {
              "name": "wait",
              "module": "core",
              "action": "wait",
              "options": {
                "delay": 3000
              }
            }
          }
        },
        "outputType": "boolean"
      },
      {
        "name": "",
        "module": "core",
        "action": "trycatch",
        "options": {
          "try": {
            "steps": [
              {
                "name": "dbtransstart",
                "module": "core",
                "action": "exec",
                "options": {
                  "exec": "db/transactionStart"
                }
              },
              {
                "name": "query",
                "module": "dbconnector",
                "action": "single",
                "options": {
                  "connection": "appdb01",
                  "sql": {
                    "type": "select",
                    "columns": [],
                    "params": [
                      {
                        "operator": "equal",
                        "type": "expression",
                        "name": ":P1",
                        "value": "{{$_POST.id}}",
                        "test": ""
                      }
                    ],
                    "table": {
                      "name": "leads"
                    },
                    "primary": "id",
                    "joins": [],
                    "wheres": {
                      "condition": "AND",
                      "rules": [
                        {
                          "id": "leads.id",
                          "field": "leads.id",
                          "type": "double",
                          "operator": "equal",
                          "value": "{{$_POST.id}}",
                          "data": {
                            "table": "leads",
                            "column": "id",
                            "type": "number",
                            "columnObj": {
                              "type": "increments",
                              "primary": true,
                              "nullable": false,
                              "name": "id"
                            }
                          },
                          "operation": "="
                        }
                      ],
                      "conditional": null,
                      "valid": true
                    },
                    "query": "select * from `leads` where `leads`.`id` = ?"
                  }
                },
                "meta": [
                  {
                    "type": "number",
                    "name": "id"
                  },
                  {
                    "type": "number",
                    "name": "response_id"
                  },
                  {
                    "type": "datetime",
                    "name": "date"
                  },
                  {
                    "type": "text",
                    "name": "adsource"
                  },
                  {
                    "type": "number",
                    "name": "student_status"
                  },
                  {
                    "type": "text",
                    "name": "source_project"
                  },
                  {
                    "type": "text",
                    "name": "fname"
                  },
                  {
                    "type": "text",
                    "name": "lname"
                  },
                  {
                    "type": "text",
                    "name": "email"
                  },
                  {
                    "type": "text",
                    "name": "phone"
                  },
                  {
                    "type": "text",
                    "name": "address_place"
                  },
                  {
                    "type": "text",
                    "name": "address_street"
                  },
                  {
                    "type": "text",
                    "name": "address_city"
                  },
                  {
                    "type": "text",
                    "name": "address_state"
                  },
                  {
                    "type": "number",
                    "name": "address_zip"
                  },
                  {
                    "type": "number",
                    "name": "address_lati"
                  },
                  {
                    "type": "number",
                    "name": "address_longi"
                  },
                  {
                    "type": "text",
                    "name": "howheardsrc"
                  },
                  {
                    "type": "text",
                    "name": "prefcomms"
                  },
                  {
                    "type": "number",
                    "name": "ok2sms"
                  },
                  {
                    "type": "number",
                    "name": "notifysurv"
                  },
                  {
                    "type": "number",
                    "name": "project_id"
                  },
                  {
                    "type": "text",
                    "name": "camp_resident"
                  },
                  {
                    "type": "number",
                    "name": "dormitory"
                  },
                  {
                    "type": "text",
                    "name": "dormitory_other"
                  },
                  {
                    "type": "number",
                    "name": "married_spouse"
                  },
                  {
                    "type": "number",
                    "name": "other_rommate_nonttu"
                  },
                  {
                    "type": "number",
                    "name": "live_with_parents"
                  },
                  {
                    "type": "text",
                    "name": "applinks_pin"
                  },
                  {
                    "type": "number",
                    "name": "live_in_studyarea"
                  },
                  {
                    "type": "number",
                    "name": "hh_income"
                  },
                  {
                    "type": "number",
                    "name": "hh_size"
                  },
                  {
                    "type": "number",
                    "name": "assigned_to"
                  },
                  {
                    "type": "number",
                    "name": "lead_status"
                  },
                  {
                    "type": "datetime",
                    "name": "created_on"
                  },
                  {
                    "type": "number",
                    "name": "created_by"
                  },
                  {
                    "type": "datetime",
                    "name": "updated_on"
                  },
                  {
                    "type": "number",
                    "name": "updated_by"
                  }
                ],
                "outputType": "object"
              },
              {
                "name": "query1",
                "module": "dbconnector",
                "action": "select",
                "options": {
                  "connection": "appdb01",
                  "sql": {
                    "type": "select",
                    "columns": [
                      {
                        "table": "history_actions",
                        "column": "created_on"
                      },
                      {
                        "table": "history_actions",
                        "column": "lead_status"
                      },
                      {
                        "table": "history_actions",
                        "column": "assign_to"
                      },
                      {
                        "table": "history_actions",
                        "column": "action_note"
                      },
                      {
                        "table": "leadstatus",
                        "column": "name",
                        "alias": "lead_status_name"
                      },
                      {
                        "table": "history_actions",
                        "column": "created_by"
                      },
                      {
                        "table": "users",
                        "column": "name",
                        "alias": "updatedby_name"
                      }
                    ],
                    "params": [
                      {
                        "operator": "equal",
                        "type": "expression",
                        "name": ":P1",
                        "value": "{{$_POST.id}}",
                        "test": ""
                      }
                    ],
                    "table": {
                      "name": "history_actions"
                    },
                    "primary": "history_id",
                    "joins": [
                      {
                        "table": "users",
                        "column": "*",
                        "type": "LEFT",
                        "clauses": {
                          "condition": "AND",
                          "rules": [
                            {
                              "table": "users",
                              "column": "id",
                              "operator": "equal",
                              "operation": "=",
                              "value": {
                                "table": "history_actions",
                                "column": "created_by"
                              }
                            }
                          ]
                        },
                        "primary": "id"
                      },
                      {
                        "table": "lead_status",
                        "column": "*",
                        "alias": "leadstatus",
                        "type": "LEFT",
                        "clauses": {
                          "condition": "AND",
                          "rules": [
                            {
                              "table": "leadstatus",
                              "column": "lead_status_id",
                              "operator": "equal",
                              "operation": "=",
                              "value": {
                                "table": "history_actions",
                                "column": "lead_status"
                              }
                            }
                          ]
                        },
                        "primary": "lead_status_id"
                      }
                    ],
                    "wheres": {
                      "condition": "AND",
                      "rules": [
                        {
                          "id": "history_actions.lead_id",
                          "field": "history_actions.lead_id",
                          "type": "double",
                          "operator": "equal",
                          "value": "{{$_POST.id}}",
                          "data": {
                            "table": "history_actions",
                            "column": "lead_id",
                            "type": "number",
                            "columnObj": {
                              "type": "reference",
                              "default": "",
                              "primary": false,
                              "nullable": true,
                              "references": "id",
                              "inTable": "leads",
                              "referenceType": "integer",
                              "onUpdate": "CASCADE",
                              "onDelete": "CASCADE",
                              "name": "lead_id"
                            }
                          },
                          "operation": "=",
                          "table": "history_actions"
                        }
                      ],
                      "conditional": null,
                      "valid": true
                    },
                    "query": "select `history_actions`.`created_on`, `history_actions`.`lead_status`, `history_actions`.`assign_to`, `history_actions`.`action_note`, `leadstatus`.`name` as `lead_status_name`, `history_actions`.`created_by`, `users`.`name` as `updatedby_name` from `history_actions` left join `users` on `users`.`id` = `history_actions`.`created_by` left join `lead_status` as `leadstatus` on `leadstatus`.`lead_status_id` = `history_actions`.`lead_status` where `history_actions`.`lead_id` = ?",
                    "sort": "",
                    "dir": "",
                    "orders": []
                  }
                },
                "meta": [
                  {
                    "type": "datetime",
                    "name": "created_on"
                  },
                  {
                    "type": "number",
                    "name": "lead_status"
                  },
                  {
                    "type": "number",
                    "name": "assign_to"
                  },
                  {
                    "type": "text",
                    "name": "action_note"
                  },
                  {
                    "type": "text",
                    "name": "lead_status_name"
                  },
                  {
                    "type": "number",
                    "name": "created_by"
                  },
                  {
                    "type": "text",
                    "name": "updatedby_name"
                  }
                ],
                "outputType": "array",
                "type": "dbconnector_select"
              },
              {
                "name": "query2",
                "module": "dbconnector",
                "action": "select",
                "options": {
                  "connection": "appdb01",
                  "sql": {
                    "type": "select",
                    "columns": [
                      {
                        "table": "lead_review_tag",
                        "column": "review_tag_id"
                      },
                      {
                        "table": "lead_review_tag",
                        "column": "created_on"
                      }
                    ],
                    "params": [
                      {
                        "operator": "equal",
                        "type": "expression",
                        "name": ":P1",
                        "value": "{{$_POST.id}}",
                        "test": ""
                      }
                    ],
                    "table": {
                      "name": "lead_review_tag"
                    },
                    "primary": "history_id",
                    "joins": [],
                    "query": "select `review_tag_id`, `created_on` from `lead_review_tag` where `lead_review_tag`.`lead_id` = ?",
                    "sort": "",
                    "dir": "",
                    "wheres": {
                      "condition": "AND",
                      "rules": [
                        {
                          "id": "lead_review_tag.lead_id",
                          "field": "lead_review_tag.lead_id",
                          "type": "string",
                          "operator": "equal",
                          "value": "{{$_POST.id}}",
                          "data": {
                            "table": "lead_review_tag",
                            "column": "lead_id",
                            "type": "text",
                            "columnObj": {
                              "name": "lead_id"
                            }
                          },
                          "operation": "="
                        }
                      ],
                      "conditional": null,
                      "valid": true
                    }
                  }
                },
                "meta": [
                  {
                    "type": "text",
                    "name": "review_tag_id"
                  },
                  {
                    "type": "datetime",
                    "name": "created_on"
                  }
                ],
                "outputType": "array",
                "type": "dbconnector_select"
              },
              {
                "name": "dbtranscommit",
                "module": "core",
                "action": "exec",
                "options": {
                  "exec": "db/transactionCommit"
                }
              },
              {
                "name": "",
                "module": "core",
                "action": "condition",
                "options": {
                  "if": "{{query}}",
                  "then": {
                    "steps": [
                      {
                        "name": "result",
                        "module": "core",
                        "action": "setvalue",
                        "options": {
                          "key": "result",
                          "value": true
                        },
                        "meta": [],
                        "outputType": "text",
                        "output": true
                      },
                      {
                        "name": "leaddata",
                        "module": "core",
                        "action": "setvalue",
                        "options": {
                          "key": "leaddata",
                          "value": "{{query}}"
                        },
                        "meta": [
                          {
                            "name": "id",
                            "type": "number"
                          },
                          {
                            "name": "response_id",
                            "type": "number"
                          },
                          {
                            "name": "date",
                            "type": "datetime"
                          },
                          {
                            "name": "adsource",
                            "type": "text"
                          },
                          {
                            "name": "student_status",
                            "type": "number"
                          },
                          {
                            "name": "source_project",
                            "type": "text"
                          },
                          {
                            "name": "fname",
                            "type": "text"
                          },
                          {
                            "name": "lname",
                            "type": "text"
                          },
                          {
                            "name": "email",
                            "type": "text"
                          },
                          {
                            "name": "phone",
                            "type": "text"
                          },
                          {
                            "name": "address_place",
                            "type": "text"
                          },
                          {
                            "name": "address_street",
                            "type": "text"
                          },
                          {
                            "name": "address_city",
                            "type": "text"
                          },
                          {
                            "name": "address_state",
                            "type": "text"
                          },
                          {
                            "name": "address_zip",
                            "type": "number"
                          },
                          {
                            "name": "address_lati",
                            "type": "number"
                          },
                          {
                            "name": "address_longi",
                            "type": "number"
                          },
                          {
                            "name": "howheardsrc",
                            "type": "text"
                          },
                          {
                            "name": "prefcomms",
                            "type": "text"
                          },
                          {
                            "name": "ok2sms",
                            "type": "number"
                          },
                          {
                            "name": "notifysurv",
                            "type": "number"
                          },
                          {
                            "name": "project_id",
                            "type": "number"
                          },
                          {
                            "name": "camp_resident",
                            "type": "text"
                          },
                          {
                            "name": "dormitory",
                            "type": "number"
                          },
                          {
                            "name": "dormitory_other",
                            "type": "text"
                          },
                          {
                            "name": "married_spouse",
                            "type": "number"
                          },
                          {
                            "name": "other_rommate_nonttu",
                            "type": "number"
                          },
                          {
                            "name": "live_with_parents",
                            "type": "number"
                          },
                          {
                            "name": "applinks_pin",
                            "type": "text"
                          },
                          {
                            "name": "live_in_studyarea",
                            "type": "number"
                          },
                          {
                            "name": "hh_income",
                            "type": "number"
                          },
                          {
                            "name": "hh_size",
                            "type": "number"
                          },
                          {
                            "name": "assigned_to",
                            "type": "number"
                          },
                          {
                            "name": "lead_status",
                            "type": "number"
                          },
                          {
                            "name": "created_on",
                            "type": "datetime"
                          },
                          {
                            "name": "created_by",
                            "type": "number"
                          },
                          {
                            "name": "updated_on",
                            "type": "datetime"
                          },
                          {
                            "name": "updated_by",
                            "type": "number"
                          }
                        ],
                        "outputType": "text",
                        "output": true
                      },
                      {
                        "name": "lead_history",
                        "module": "core",
                        "action": "setvalue",
                        "options": {
                          "key": "lead_history",
                          "value": "{{query1}}"
                        },
                        "meta": [
                          {
                            "name": "created_on",
                            "type": "datetime"
                          },
                          {
                            "name": "lead_status",
                            "type": "number"
                          },
                          {
                            "name": "assign_to",
                            "type": "number"
                          },
                          {
                            "name": "action_note",
                            "type": "text"
                          },
                          {
                            "name": "lead_status_name",
                            "type": "text"
                          },
                          {
                            "name": "created_by",
                            "type": "number"
                          },
                          {
                            "name": "updatedby_name",
                            "type": "text"
                          }
                        ],
                        "outputType": "text",
                        "output": true
                      },
                      {
                        "name": "lead_review_tag",
                        "module": "core",
                        "action": "setvalue",
                        "options": {
                          "key": "lead_review_tag",
                          "value": "{{query2}}"
                        },
                        "meta": [
                          {
                            "name": "review_tag_id",
                            "type": "text"
                          },
                          {
                            "name": "created_on",
                            "type": "datetime"
                          }
                        ],
                        "outputType": "text",
                        "output": true
                      }
                    ]
                  },
                  "else": {
                    "steps": [
                      {
                        "name": "result",
                        "module": "core",
                        "action": "setvalue",
                        "options": {
                          "key": "result",
                          "value": false
                        },
                        "meta": [],
                        "outputType": "text",
                        "output": true
                      },
                      {
                        "name": "data",
                        "module": "core",
                        "action": "setvalue",
                        "options": {
                          "key": "data",
                          "value": {}
                        },
                        "meta": [],
                        "outputType": "text",
                        "output": true
                      }
                    ]
                  }
                },
                "outputType": "boolean"
              }
            ]
          },
          "catch": {
            "steps": [
              {
                "name": "dbtransrollbak",
                "module": "core",
                "action": "exec",
                "options": {
                  "exec": "db/transactionRollback"
                }
              },
              {
                "name": "result",
                "module": "core",
                "action": "setvalue",
                "options": {
                  "key": "result",
                  "value": false
                },
                "meta": [],
                "outputType": "text",
                "output": true
              },
              {
                "name": "message",
                "module": "core",
                "action": "setvalue",
                "options": {
                  "key": "message",
                  "value": "{{$_ERROR}}"
                },
                "meta": [],
                "outputType": "text",
                "output": true
              }
            ]
          }
        }
      }
    ]
  }
}