{
  "meta": {
    "$_GET": [
      {
        "type": "text",
        "name": "offset"
      },
      {
        "type": "text",
        "name": "limit"
      },
      {
        "type": "text",
        "name": "sort"
      },
      {
        "type": "text",
        "name": "dir"
      }
    ],
    "$_POST": [
      {
        "type": "text",
        "name": "lead_status_id"
      },
      {
        "type": "text",
        "name": "name"
      }
    ]
  },
  "exec": {
    "steps": [
      {
        "name": "",
        "module": "core",
        "action": "condition",
        "options": {
          "if": "{{$_ENV.ENV=='\\'dev\\''}}",
          "then": {
            "steps": {
              "name": "wait",
              "module": "core",
              "action": "wait",
              "options": {
                "delay": 3000
              }
            }
          }
        },
        "outputType": "boolean"
      },
      {
        "name": "",
        "module": "core",
        "action": "trycatch",
        "options": {
          "try": {
            "steps": [
              {
                "name": "dbtransstart",
                "module": "core",
                "action": "exec",
                "options": {
                  "exec": "db/transactionStart"
                }
              },
              {
                "name": "query",
                "module": "dbconnector",
                "action": "paged",
                "options": {
                  "connection": "appdb01",
                  "sql": {
                    "type": "select",
                    "columns": [
                      {
                        "table": "lead_status",
                        "column": "lead_status_id"
                      },
                      {
                        "table": "lead_status",
                        "column": "name"
                      }
                    ],
                    "params": [
                      {
                        "operator": "equal",
                        "type": "expression",
                        "name": ":P1",
                        "value": "{{$_POST.lead_status_id}}",
                        "test": ""
                      },
                      {
                        "operator": "contains",
                        "type": "expression",
                        "name": ":P2",
                        "value": "{{$_POST.name}}",
                        "test": ""
                      }
                    ],
                    "table": {
                      "name": "lead_status"
                    },
                    "primary": "lead_status_id",
                    "joins": [],
                    "query": "select `lead_status_id`, `name` from `lead_status` where (`lead_status`.`lead_status_id` = ?) and (`lead_status`.`name` like ?)",
                    "wheres": {
                      "condition": "AND",
                      "rules": [
                        {
                          "condition": "AND",
                          "rules": [
                            {
                              "id": "lead_status.lead_status_id",
                              "field": "lead_status.lead_status_id",
                              "type": "double",
                              "operator": "equal",
                              "value": "{{$_POST.lead_status_id}}",
                              "data": {
                                "table": "lead_status",
                                "column": "lead_status_id",
                                "type": "number",
                                "columnObj": {
                                  "type": "increments",
                                  "primary": true,
                                  "nullable": false,
                                  "name": "lead_status_id"
                                }
                              },
                              "operation": "=",
                              "table": "lead_status"
                            }
                          ],
                          "conditional": "{{$_POST.lead_status_id}}",
                          "table": "lead_status",
                          "id": "lead_status.undefined"
                        },
                        {
                          "condition": "AND",
                          "rules": [
                            {
                              "id": "lead_status.name",
                              "field": "lead_status.name",
                              "type": "string",
                              "operator": "contains",
                              "value": "{{$_POST.name}}",
                              "data": {
                                "table": "lead_status",
                                "column": "name",
                                "type": "text",
                                "columnObj": {
                                  "type": "string",
                                  "default": "",
                                  "maxLength": 255,
                                  "primary": false,
                                  "nullable": true,
                                  "name": "name"
                                }
                              },
                              "operation": "LIKE",
                              "table": "lead_status"
                            }
                          ],
                          "conditional": "{{$_POST.name}}",
                          "table": "lead_status",
                          "id": "lead_status.undefined"
                        }
                      ],
                      "conditional": null,
                      "valid": true
                    }
                  }
                },
                "meta": [
                  {
                    "name": "offset",
                    "type": "number"
                  },
                  {
                    "name": "limit",
                    "type": "number"
                  },
                  {
                    "name": "total",
                    "type": "number"
                  },
                  {
                    "name": "page",
                    "type": "object",
                    "sub": [
                      {
                        "name": "offset",
                        "type": "object",
                        "sub": [
                          {
                            "name": "first",
                            "type": "number"
                          },
                          {
                            "name": "prev",
                            "type": "number"
                          },
                          {
                            "name": "next",
                            "type": "number"
                          },
                          {
                            "name": "last",
                            "type": "number"
                          }
                        ]
                      },
                      {
                        "name": "current",
                        "type": "number"
                      },
                      {
                        "name": "total",
                        "type": "number"
                      }
                    ]
                  },
                  {
                    "name": "data",
                    "type": "array",
                    "sub": [
                      {
                        "type": "number",
                        "name": "lead_status_id"
                      },
                      {
                        "type": "text",
                        "name": "name"
                      }
                    ]
                  }
                ],
                "outputType": "object"
              },
              {
                "name": "dbtranscommit",
                "module": "core",
                "action": "exec",
                "options": {
                  "exec": "db/transactionCommit"
                }
              },
              {
                "name": "result",
                "module": "core",
                "action": "setvalue",
                "options": {
                  "key": "result",
                  "value": true
                },
                "meta": [],
                "outputType": "text",
                "output": true
              },
              {
                "name": "data",
                "module": "core",
                "action": "setvalue",
                "options": {
                  "key": "data",
                  "value": "{{query.data}}"
                },
                "meta": [
                  {
                    "name": "lead_status_id",
                    "type": "number"
                  },
                  {
                    "name": "name",
                    "type": "text"
                  }
                ],
                "outputType": "text",
                "output": true
              }
            ]
          },
          "catch": {
            "steps": [
              {
                "name": "dbtransrollback",
                "module": "core",
                "action": "exec",
                "options": {
                  "exec": "db/transactionRollback"
                }
              },
              {
                "name": "result",
                "module": "core",
                "action": "setvalue",
                "options": {
                  "key": "result",
                  "value": false
                },
                "meta": [],
                "outputType": "text",
                "output": true
              },
              {
                "name": "message",
                "module": "core",
                "action": "setvalue",
                "options": {
                  "key": "message",
                  "value": "{{$_ERROR}}"
                },
                "meta": [],
                "outputType": "text",
                "output": true
              }
            ]
          }
        }
      }
    ]
  }
}