{
  "meta": {
    "$_GET": [
      {
        "type": "text",
        "name": "sort"
      },
      {
        "type": "text",
        "name": "dir"
      }
    ],
    "$_POST": [
      {
        "type": "text",
        "name": "review_tag_id"
      }
    ]
  },
  "exec": {
    "steps": {
      "name": "",
      "module": "core",
      "action": "trycatch",
      "options": {
        "try": {
          "steps": [
            {
              "name": "dbtransstart",
              "module": "core",
              "action": "exec",
              "options": {
                "exec": "db/transactionStart"
              }
            },
            {
              "name": "query",
              "module": "dbconnector",
              "action": "select",
              "options": {
                "connection": "appdb01",
                "sql": {
                  "type": "select",
                  "columns": [
                    {
                      "table": "leads",
                      "column": "fname"
                    },
                    {
                      "table": "leads",
                      "column": "lname"
                    },
                    {
                      "table": "leads",
                      "column": "email"
                    },
                    {
                      "table": "leads",
                      "column": "phone"
                    },
                    {
                      "table": "leads",
                      "column": "student_status"
                    },
                    {
                      "table": "leads",
                      "column": "address_street"
                    },
                    {
                      "table": "leads",
                      "column": "address_city"
                    },
                    {
                      "table": "leads",
                      "column": "address_state"
                    },
                    {
                      "table": "leads",
                      "column": "address_zip"
                    },
                    {
                      "table": "leads",
                      "column": "project_id"
                    },
                    {
                      "table": "leads",
                      "column": "assigned_to"
                    },
                    {
                      "table": "leads",
                      "column": "lead_status"
                    },
                    {
                      "table": "projects",
                      "column": "project_name"
                    },
                    {
                      "table": "user",
                      "column": "user_name"
                    }
                  ],
                  "params": [
                    {
                      "operator": "equal",
                      "type": "expression",
                      "name": ":P1",
                      "value": "{{$_POST.review_tag_id}}",
                      "test": ""
                    }
                  ],
                  "table": {
                    "name": "lead_review_tag"
                  },
                  "primary": "lead_review_tag_id",
                  "joins": [
                    {
                      "table": "leads",
                      "column": "*",
                      "alias": "leads",
                      "type": "LEFT",
                      "clauses": {
                        "condition": "AND",
                        "rules": [
                          {
                            "table": "leads",
                            "column": "id",
                            "operator": "equal",
                            "operation": "=",
                            "value": {
                              "table": "lead_review_tag",
                              "column": "lead_id"
                            }
                          }
                        ]
                      },
                      "primary": "id"
                    },
                    {
                      "table": "projects",
                      "column": "*",
                      "alias": "projects",
                      "type": "LEFT",
                      "clauses": {
                        "condition": "AND",
                        "rules": [
                          {
                            "table": "projects",
                            "column": "project_id",
                            "operator": "equal",
                            "operation": "=",
                            "value": {
                              "table": "leads",
                              "column": "project_id"
                            }
                          }
                        ]
                      },
                      "primary": "project_id"
                    },
                    {
                      "table": "users",
                      "column": "*",
                      "alias": "user",
                      "type": "LEFT",
                      "clauses": {
                        "condition": "AND",
                        "rules": [
                          {
                            "table": "user",
                            "column": "id",
                            "operator": "equal",
                            "operation": "=",
                            "value": {
                              "table": "leads",
                              "column": "assigned_to"
                            }
                          }
                        ]
                      },
                      "primary": "id"
                    }
                  ],
                  "query": "select `leads`.`fname`, `leads`.`lname`, `leads`.`email`, `leads`.`phone`, `leads`.`student_status`, `leads`.`address_street`, `leads`.`address_city`, `leads`.`address_state`, `leads`.`address_zip`, `leads`.`project_id`, `leads`.`assigned_to`, `leads`.`lead_status`, `projects`.`project_name`, `user`.`user_name` from `lead_review_tag` left join `leads` as `leads` on `leads`.`id` = `lead_review_tag`.`lead_id` left join `projects` as `projects` on `projects`.`project_id` = `leads`.`project_id` left join `users` as `user` on `user`.`id` = `leads`.`assigned_to` where (`lead_review_tag`.`review_tag_id` = ?)",
                  "wheres": {
                    "condition": "AND",
                    "rules": [
                      {
                        "condition": "AND",
                        "rules": [
                          {
                            "id": "lead_review_tag.review_tag_id",
                            "field": "lead_review_tag.review_tag_id",
                            "type": "string",
                            "operator": "equal",
                            "value": "{{$_POST.review_tag_id}}",
                            "data": {
                              "table": "lead_review_tag",
                              "column": "review_tag_id",
                              "type": "text",
                              "columnObj": {
                                "type": "string",
                                "default": "",
                                "maxLength": 255,
                                "primary": false,
                                "nullable": true,
                                "name": "review_tag_id"
                              }
                            },
                            "operation": "="
                          }
                        ],
                        "conditional": null
                      }
                    ],
                    "conditional": null,
                    "valid": true
                  }
                }
              },
              "meta": [
                {
                  "type": "text",
                  "name": "fname"
                },
                {
                  "type": "text",
                  "name": "lname"
                },
                {
                  "type": "text",
                  "name": "email"
                },
                {
                  "type": "text",
                  "name": "phone"
                },
                {
                  "type": "text",
                  "name": "student_status"
                },
                {
                  "type": "text",
                  "name": "address_street"
                },
                {
                  "type": "text",
                  "name": "address_city"
                },
                {
                  "type": "text",
                  "name": "address_state"
                },
                {
                  "type": "number",
                  "name": "address_zip"
                },
                {
                  "type": "number",
                  "name": "project_id"
                },
                {
                  "type": "number",
                  "name": "assigned_to"
                },
                {
                  "type": "text",
                  "name": "lead_status"
                },
                {
                  "type": "text",
                  "name": "project_name"
                },
                {
                  "type": "text",
                  "name": "user_name"
                }
              ],
              "outputType": "array"
            },
            {
              "name": "dbtranscommit",
              "module": "core",
              "action": "exec",
              "options": {
                "exec": "db/transactionCommit"
              }
            },
            {
              "name": "result",
              "module": "core",
              "action": "setvalue",
              "options": {
                "key": "result",
                "value": true
              },
              "meta": [],
              "outputType": "text",
              "output": true
            },
            {
              "name": "data",
              "module": "core",
              "action": "setvalue",
              "options": {
                "key": "data",
                "value": "{{query}}"
              },
              "meta": [
                {
                  "name": "fname",
                  "type": "text"
                },
                {
                  "name": "lname",
                  "type": "text"
                },
                {
                  "name": "email",
                  "type": "text"
                },
                {
                  "name": "phone",
                  "type": "text"
                },
                {
                  "name": "student_status",
                  "type": "text"
                },
                {
                  "name": "address_street",
                  "type": "text"
                },
                {
                  "name": "address_city",
                  "type": "text"
                },
                {
                  "name": "address_state",
                  "type": "text"
                },
                {
                  "name": "address_zip",
                  "type": "number"
                },
                {
                  "name": "project_id",
                  "type": "number"
                },
                {
                  "name": "assigned_to",
                  "type": "number"
                },
                {
                  "name": "lead_status",
                  "type": "text"
                },
                {
                  "name": "project_name",
                  "type": "text"
                },
                {
                  "name": "user_name",
                  "type": "text"
                }
              ],
              "outputType": "text",
              "output": true
            }
          ]
        },
        "catch": {
          "steps": [
            {
              "name": "dbtransrollback",
              "module": "core",
              "action": "exec",
              "options": {
                "exec": "db/transactionRollback"
              }
            },
            {
              "name": "result",
              "module": "core",
              "action": "setvalue",
              "options": {
                "key": "result",
                "value": false
              },
              "meta": [],
              "outputType": "text",
              "output": true
            },
            {
              "name": "message",
              "module": "core",
              "action": "setvalue",
              "options": {
                "key": "message",
                "value": "{{$_ERROR}}"
              },
              "meta": [],
              "outputType": "text",
              "output": true
            }
          ]
        }
      }
    }
  }
}