{
  "meta": {
    "$_GET": [
      {
        "type": "text",
        "name": "offset"
      },
      {
        "type": "text",
        "name": "limit"
      },
      {
        "type": "text",
        "name": "sort"
      },
      {
        "type": "text",
        "name": "dir"
      }
    ],
    "$_POST": [
      {
        "type": "number",
        "name": "response_id"
      },
      {
        "type": "date",
        "name": "date"
      },
      {
        "type": "date",
        "name": "date_from"
      },
      {
        "type": "date",
        "name": "date_to"
      },
      {
        "type": "text",
        "name": "adsource"
      },
      {
        "type": "text",
        "name": "student_status"
      },
      {
        "type": "text",
        "name": "source_project"
      },
      {
        "type": "text",
        "name": "fname"
      },
      {
        "type": "text",
        "name": "lname"
      },
      {
        "type": "text",
        "name": "email"
      },
      {
        "type": "text",
        "name": "phone"
      },
      {
        "type": "text",
        "name": "address_place"
      },
      {
        "type": "text",
        "name": "address_street"
      },
      {
        "type": "text",
        "name": "address_city"
      },
      {
        "type": "text",
        "name": "address_state"
      },
      {
        "type": "number",
        "name": "address_zip"
      },
      {
        "type": "number",
        "name": "address_lati"
      },
      {
        "type": "number",
        "name": "address_longi"
      },
      {
        "type": "text",
        "name": "howheardsrc"
      },
      {
        "type": "text",
        "name": "prefcomms"
      },
      {
        "type": "number",
        "name": "ok2sms"
      },
      {
        "type": "number",
        "name": "notifysurv"
      },
      {
        "type": "number",
        "name": "project_id"
      },
      {
        "type": "text",
        "name": "camp_resident"
      },
      {
        "type": "number",
        "name": "dormitory"
      },
      {
        "type": "text",
        "name": "dormitory_other"
      },
      {
        "type": "number",
        "name": "married_spouse"
      },
      {
        "type": "number",
        "name": "other_rommate_nonttu"
      },
      {
        "type": "number",
        "name": "live_with_parents"
      },
      {
        "type": "text",
        "name": "applinks_pin"
      },
      {
        "type": "number",
        "name": "live_in_studyarea"
      },
      {
        "type": "number",
        "name": "hh_income"
      },
      {
        "type": "number",
        "name": "hh_size"
      },
      {
        "type": "number",
        "name": "assigned_to"
      },
      {
        "type": "text",
        "name": "lead_status"
      },
      {
        "type": "datetime",
        "name": "created_on"
      },
      {
        "type": "number",
        "name": "created_by"
      },
      {
        "type": "datetime",
        "name": "updated_on"
      },
      {
        "type": "number",
        "name": "updated_by"
      },
      {
        "type": "number",
        "name": "id"
      },
      {
        "type": "number",
        "name": "review_tag_id"
      }
    ]
  },
  "exec": {
    "steps": [
      {
        "name": "",
        "module": "core",
        "action": "condition",
        "options": {
          "if": "{{$_ENV.ENV=='\\'dev\\''}}",
          "then": {
            "steps": {
              "name": "wait",
              "module": "core",
              "action": "wait",
              "options": {
                "delay": 3000
              }
            }
          }
        },
        "outputType": "boolean"
      },
      {
        "name": "",
        "module": "core",
        "action": "trycatch",
        "options": {
          "try": {
            "steps": [
              {
                "name": "dbtransstart",
                "module": "core",
                "action": "exec",
                "options": {
                  "exec": "db/transactionStart"
                }
              },
              {
                "name": "query",
                "module": "dbconnector",
                "action": "paged",
                "options": {
                  "connection": "appdb01",
                  "sql": {
                    "type": "select",
                    "columns": [
                      {
                        "table": "leads",
                        "column": "id"
                      },
                      {
                        "table": "leads",
                        "column": "response_id"
                      },
                      {
                        "table": "leads",
                        "column": "date"
                      },
                      {
                        "table": "leads",
                        "column": "student_status"
                      },
                      {
                        "table": "leads",
                        "column": "adsource"
                      },
                      {
                        "table": "leads",
                        "column": "source_project"
                      },
                      {
                        "table": "leads",
                        "column": "fname"
                      },
                      {
                        "table": "leads",
                        "column": "lname"
                      },
                      {
                        "table": "leads",
                        "column": "email"
                      },
                      {
                        "table": "leads",
                        "column": "phone"
                      },
                      {
                        "table": "leads",
                        "column": "address_place"
                      },
                      {
                        "table": "leads",
                        "column": "address_street"
                      },
                      {
                        "table": "leads",
                        "column": "address_city"
                      },
                      {
                        "table": "leads",
                        "column": "address_state"
                      },
                      {
                        "table": "leads",
                        "column": "address_zip"
                      },
                      {
                        "table": "leads",
                        "column": "address_lati"
                      },
                      {
                        "table": "leads",
                        "column": "address_longi"
                      },
                      {
                        "table": "leads",
                        "column": "howheardsrc"
                      },
                      {
                        "table": "leads",
                        "column": "prefcomms"
                      },
                      {
                        "table": "leads",
                        "column": "ok2sms"
                      },
                      {
                        "table": "leads",
                        "column": "notifysurv"
                      },
                      {
                        "table": "leads",
                        "column": "camp_resident"
                      },
                      {
                        "table": "leads",
                        "column": "dormitory"
                      },
                      {
                        "table": "leads",
                        "column": "dormitory_other"
                      },
                      {
                        "table": "leads",
                        "column": "married_spouse"
                      },
                      {
                        "table": "leads",
                        "column": "other_rommate_nonttu"
                      },
                      {
                        "table": "leads",
                        "column": "live_with_parents"
                      },
                      {
                        "table": "leads",
                        "column": "applinks_pin"
                      },
                      {
                        "table": "leads",
                        "column": "live_in_studyarea"
                      },
                      {
                        "table": "leads",
                        "column": "hh_income"
                      },
                      {
                        "table": "leads",
                        "column": "hh_size"
                      },
                      {
                        "table": "leads",
                        "column": "lead_status"
                      },
                      {
                        "table": "leads",
                        "column": "created_on"
                      },
                      {
                        "table": "leads",
                        "column": "created_by"
                      },
                      {
                        "table": "leads",
                        "column": "updated_on"
                      },
                      {
                        "table": "leads",
                        "column": "updated_by"
                      },
                      {
                        "table": "users",
                        "column": "user_name",
                        "alias": "assign_to_user"
                      },
                      {
                        "table": "projects",
                        "column": "project_name"
                      },
                      {
                        "table": "leads",
                        "column": "assigned_to"
                      },
                      {
                        "table": "leads",
                        "column": "project_id"
                      },
                      {
                        "table": "lead_review_tag",
                        "column": "review_tag_id"
                      }
                    ],
                    "params": [
                      {
                        "operator": "contains",
                        "type": "expression",
                        "name": ":P1",
                        "value": "{{$_POST.fname}}",
                        "test": ""
                      },
                      {
                        "operator": "contains",
                        "type": "expression",
                        "name": ":P2",
                        "value": "{{$_POST.lname}}",
                        "test": ""
                      },
                      {
                        "operator": "contains",
                        "type": "expression",
                        "name": ":P3",
                        "value": "{{$_POST.email}}",
                        "test": ""
                      },
                      {
                        "operator": "contains",
                        "type": "expression",
                        "name": ":P4",
                        "value": "{{$_POST.phone}}",
                        "test": ""
                      },
                      {
                        "operator": "contains",
                        "type": "expression",
                        "name": ":P5",
                        "value": "{{$_POST.address_place}}",
                        "test": ""
                      },
                      {
                        "operator": "contains",
                        "type": "expression",
                        "name": ":P6",
                        "value": "{{$_POST.address_street}}",
                        "test": ""
                      },
                      {
                        "operator": "contains",
                        "type": "expression",
                        "name": ":P7",
                        "value": "{{$_POST.address_city}}",
                        "test": ""
                      },
                      {
                        "operator": "contains",
                        "type": "expression",
                        "name": ":P8",
                        "value": "{{$_POST.address_state}}",
                        "test": ""
                      },
                      {
                        "operator": "equal",
                        "type": "expression",
                        "name": ":P9",
                        "value": "{{$_POST.address_zip}}",
                        "test": ""
                      },
                      {
                        "operator": "equal",
                        "type": "expression",
                        "name": ":P10",
                        "value": "{{$_POST.project_id}}",
                        "test": ""
                      },
                      {
                        "operator": "contains",
                        "type": "expression",
                        "name": ":P11",
                        "value": "{{$_POST.student_status}}",
                        "test": ""
                      },
                      {
                        "operator": "contains",
                        "type": "expression",
                        "name": ":P12",
                        "value": "{{$_POST.lead_status}}",
                        "test": ""
                      },
                      {
                        "operator": "equal",
                        "type": "expression",
                        "name": ":P13",
                        "value": "{{$_POST.assigned_to}}",
                        "test": ""
                      },
                      {
                        "operator": "equal",
                        "type": "expression",
                        "name": ":P14",
                        "value": "{{$_POST.review_tag_id}}",
                        "test": ""
                      },
                      {
                        "operator": "between",
                        "type": "expression",
                        "name": ":P15",
                        "value": "{{$_POST.date_from}}",
                        "test": ""
                      },
                      {
                        "operator": "between",
                        "type": "expression",
                        "name": ":P16",
                        "value": "{{$_POST.date_to}}",
                        "test": ""
                      }
                    ],
                    "table": {
                      "name": "leads"
                    },
                    "primary": "id",
                    "joins": [
                      {
                        "table": "users",
                        "column": "*",
                        "type": "LEFT",
                        "clauses": {
                          "condition": "AND",
                          "rules": [
                            {
                              "table": "users",
                              "column": "id",
                              "operator": "equal",
                              "operation": "=",
                              "value": {
                                "table": "leads",
                                "column": "assigned_to"
                              }
                            }
                          ]
                        },
                        "primary": "id"
                      },
                      {
                        "table": "projects",
                        "column": "*",
                        "type": "LEFT",
                        "clauses": {
                          "condition": "AND",
                          "rules": [
                            {
                              "table": "projects",
                              "column": "project_id",
                              "operator": "equal",
                              "operation": "=",
                              "value": {
                                "table": "leads",
                                "column": "project_id"
                              }
                            }
                          ]
                        },
                        "primary": "project_id"
                      },
                      {
                        "table": "lead_review_tag",
                        "column": "*",
                        "type": "LEFT",
                        "clauses": {
                          "condition": "AND",
                          "rules": [
                            {
                              "table": "lead_review_tag",
                              "column": "lead_id",
                              "operator": "equal",
                              "operation": "=",
                              "value": {
                                "table": "leads",
                                "column": "id"
                              }
                            }
                          ]
                        },
                        "primary": "lead_review_tag_id"
                      }
                    ],
                    "query": "select `leads`.`id`, `leads`.`response_id`, `leads`.`date`, `leads`.`student_status`, `leads`.`adsource`, `leads`.`source_project`, `leads`.`fname`, `leads`.`lname`, `leads`.`email`, `leads`.`phone`, `leads`.`address_place`, `leads`.`address_street`, `leads`.`address_city`, `leads`.`address_state`, `leads`.`address_zip`, `leads`.`address_lati`, `leads`.`address_longi`, `leads`.`howheardsrc`, `leads`.`prefcomms`, `leads`.`ok2sms`, `leads`.`notifysurv`, `leads`.`camp_resident`, `leads`.`dormitory`, `leads`.`dormitory_other`, `leads`.`married_spouse`, `leads`.`other_rommate_nonttu`, `leads`.`live_with_parents`, `leads`.`applinks_pin`, `leads`.`live_in_studyarea`, `leads`.`hh_income`, `leads`.`hh_size`, `leads`.`lead_status`, `leads`.`created_on`, `leads`.`created_by`, `leads`.`updated_on`, `leads`.`updated_by`, `users`.`user_name` as `assign_to_user`, `projects`.`project_name`, `leads`.`assigned_to`, `leads`.`project_id`, `lead_review_tag`.`review_tag_id` from `leads` left join `users` on `users`.`id` = `leads`.`assigned_to` left join `projects` on `projects`.`project_id` = `leads`.`project_id` left join `lead_review_tag` on `lead_review_tag`.`lead_id` = `leads`.`id` where (`leads`.`fname` like ?) and (`leads`.`lname` like ?) and (`leads`.`email` like ?) and (`leads`.`phone` like ?) and (`leads`.`address_place` like ?) and (`leads`.`address_street` like ?) and (`leads`.`address_city` like ?) and (`leads`.`address_state` like ?) and (`leads`.`address_zip` = ?) and (`leads`.`project_id` = ?) and (`leads`.`student_status` like ?) and (`leads`.`lead_status` like ?) and (`leads`.`assigned_to` = ?) and (`leads`.`id` in ?) and (`lead_review_tag`.`review_tag_id` = ?) and (`leads`.`date` between ? and ?)",
                    "wheres": {
                      "condition": "AND",
                      "rules": [
                        {
                          "condition": "AND",
                          "rules": [
                            {
                              "id": "leads.fname",
                              "field": "leads.fname",
                              "type": "string",
                              "operator": "contains",
                              "value": "{{$_POST.fname}}",
                              "data": {
                                "table": "leads",
                                "column": "fname",
                                "type": "text",
                                "columnObj": {
                                  "type": "string",
                                  "default": "",
                                  "maxLength": 255,
                                  "primary": false,
                                  "nullable": true,
                                  "name": "fname"
                                }
                              },
                              "operation": "LIKE"
                            }
                          ],
                          "conditional": "{{$_POST.fname}}",
                          "table": "leads",
                          "id": "leads.undefined"
                        },
                        {
                          "condition": "AND",
                          "rules": [
                            {
                              "id": "leads.lname",
                              "field": "leads.lname",
                              "type": "string",
                              "operator": "contains",
                              "value": "{{$_POST.lname}}",
                              "data": {
                                "table": "leads",
                                "column": "lname",
                                "type": "text",
                                "columnObj": {
                                  "type": "string",
                                  "default": "",
                                  "maxLength": 255,
                                  "primary": false,
                                  "nullable": true,
                                  "name": "lname"
                                }
                              },
                              "operation": "LIKE"
                            }
                          ],
                          "conditional": "{{$_POST.lname}}",
                          "table": "leads",
                          "id": "leads.undefined"
                        },
                        {
                          "condition": "AND",
                          "rules": [
                            {
                              "id": "leads.email",
                              "field": "leads.email",
                              "type": "string",
                              "operator": "contains",
                              "value": "{{$_POST.email}}",
                              "data": {
                                "table": "leads",
                                "column": "email",
                                "type": "text",
                                "columnObj": {
                                  "type": "string",
                                  "default": "",
                                  "maxLength": 255,
                                  "primary": false,
                                  "nullable": true,
                                  "name": "email"
                                }
                              },
                              "operation": "LIKE"
                            }
                          ],
                          "conditional": "{{$_POST.email}}",
                          "table": "leads",
                          "id": "leads.undefined"
                        },
                        {
                          "condition": "AND",
                          "rules": [
                            {
                              "id": "leads.phone",
                              "field": "leads.phone",
                              "type": "string",
                              "operator": "contains",
                              "value": "{{$_POST.phone}}",
                              "data": {
                                "table": "leads",
                                "column": "phone",
                                "type": "text",
                                "columnObj": {
                                  "type": "string",
                                  "default": "",
                                  "maxLength": 100,
                                  "primary": false,
                                  "nullable": true,
                                  "name": "phone"
                                }
                              },
                              "operation": "LIKE"
                            }
                          ],
                          "conditional": "{{$_POST.phone}}",
                          "table": "leads",
                          "id": "leads.undefined"
                        },
                        {
                          "condition": "AND",
                          "rules": [
                            {
                              "id": "leads.address_place",
                              "field": "leads.address_place",
                              "type": "string",
                              "operator": "contains",
                              "value": "{{$_POST.address_place}}",
                              "data": {
                                "table": "leads",
                                "column": "address_place",
                                "type": "text",
                                "columnObj": {
                                  "type": "string",
                                  "default": "",
                                  "maxLength": 255,
                                  "primary": false,
                                  "nullable": true,
                                  "name": "address_place"
                                }
                              },
                              "operation": "LIKE"
                            }
                          ],
                          "conditional": "{{$_POST.address_place}}",
                          "table": "leads",
                          "id": "leads.undefined"
                        },
                        {
                          "condition": "AND",
                          "rules": [
                            {
                              "id": "leads.address_street",
                              "field": "leads.address_street",
                              "type": "string",
                              "operator": "contains",
                              "value": "{{$_POST.address_street}}",
                              "data": {
                                "table": "leads",
                                "column": "address_street",
                                "type": "text",
                                "columnObj": {
                                  "type": "string",
                                  "default": "",
                                  "maxLength": 255,
                                  "primary": false,
                                  "nullable": true,
                                  "name": "address_street"
                                }
                              },
                              "operation": "LIKE"
                            }
                          ],
                          "conditional": "{{$_POST.address_street}}",
                          "table": "leads",
                          "id": "leads.undefined"
                        },
                        {
                          "condition": "AND",
                          "rules": [
                            {
                              "id": "leads.address_city",
                              "field": "leads.address_city",
                              "type": "string",
                              "operator": "contains",
                              "value": "{{$_POST.address_city}}",
                              "data": {
                                "table": "leads",
                                "column": "address_city",
                                "type": "text",
                                "columnObj": {
                                  "type": "string",
                                  "default": "",
                                  "maxLength": 255,
                                  "primary": false,
                                  "nullable": true,
                                  "name": "address_city"
                                }
                              },
                              "operation": "LIKE"
                            }
                          ],
                          "conditional": "{{$_POST.address_city}}",
                          "table": "leads",
                          "id": "leads.undefined"
                        },
                        {
                          "condition": "AND",
                          "rules": [
                            {
                              "id": "leads.address_state",
                              "field": "leads.address_state",
                              "type": "string",
                              "operator": "contains",
                              "value": "{{$_POST.address_state}}",
                              "data": {
                                "table": "leads",
                                "column": "address_state",
                                "type": "text",
                                "columnObj": {
                                  "type": "string",
                                  "default": "",
                                  "maxLength": 255,
                                  "primary": false,
                                  "nullable": true,
                                  "name": "address_state"
                                }
                              },
                              "operation": "LIKE"
                            }
                          ],
                          "conditional": "{{$_POST.address_state}}",
                          "table": "leads",
                          "id": "leads.undefined"
                        },
                        {
                          "condition": "AND",
                          "rules": [
                            {
                              "id": "leads.address_zip",
                              "field": "leads.address_zip",
                              "type": "double",
                              "operator": "equal",
                              "value": "{{$_POST.address_zip}}",
                              "data": {
                                "table": "leads",
                                "column": "address_zip",
                                "type": "number",
                                "columnObj": {
                                  "type": "integer",
                                  "default": "",
                                  "primary": false,
                                  "nullable": true,
                                  "name": "address_zip"
                                }
                              },
                              "operation": "=",
                              "table": "leads"
                            }
                          ],
                          "conditional": "{{$_POST.address_zip}}"
                        },
                        {
                          "condition": "AND",
                          "rules": [
                            {
                              "id": "leads.project_id",
                              "field": "leads.project_id",
                              "type": "double",
                              "operator": "equal",
                              "value": "{{$_POST.project_id}}",
                              "data": {
                                "table": "leads",
                                "column": "project_id",
                                "type": "number",
                                "columnObj": {
                                  "type": "reference",
                                  "default": "",
                                  "primary": false,
                                  "nullable": true,
                                  "name": "project_id",
                                  "references": "project_id",
                                  "inTable": "projects",
                                  "referenceType": "integer",
                                  "onUpdate": "CASCADE",
                                  "onDelete": "CASCADE"
                                }
                              },
                              "operation": "="
                            }
                          ],
                          "conditional": "{{$_POST.project_id}}"
                        },
                        {
                          "condition": "AND",
                          "rules": [
                            {
                              "id": "leads.student_status",
                              "field": "leads.student_status",
                              "type": "string",
                              "operator": "contains",
                              "value": "{{$_POST.student_status}}",
                              "data": {
                                "table": "leads",
                                "column": "student_status",
                                "type": "text",
                                "columnObj": {
                                  "type": "string",
                                  "default": "",
                                  "primary": false,
                                  "nullable": true,
                                  "maxLength": 50,
                                  "name": "student_status"
                                }
                              },
                              "operation": "LIKE"
                            }
                          ],
                          "conditional": "{{$_POST.student_status}}"
                        },
                        {
                          "condition": "AND",
                          "rules": [
                            {
                              "id": "leads.lead_status",
                              "field": "leads.lead_status",
                              "type": "string",
                              "operator": "contains",
                              "value": "{{$_POST.lead_status}}",
                              "data": {
                                "table": "leads",
                                "column": "lead_status",
                                "type": "text",
                                "columnObj": {
                                  "type": "string",
                                  "default": "",
                                  "primary": false,
                                  "nullable": true,
                                  "maxLength": 50,
                                  "name": "lead_status"
                                }
                              },
                              "operation": "LIKE"
                            }
                          ],
                          "conditional": "{{$_POST.lead_status}}"
                        },
                        {
                          "condition": "AND",
                          "rules": [
                            {
                              "id": "leads.assigned_to",
                              "field": "leads.assigned_to",
                              "type": "double",
                              "operator": "equal",
                              "value": "{{$_POST.assigned_to}}",
                              "data": {
                                "table": "leads",
                                "column": "assigned_to",
                                "type": "number",
                                "columnObj": {
                                  "type": "reference",
                                  "default": "",
                                  "primary": false,
                                  "nullable": true,
                                  "name": "assigned_to",
                                  "references": "id",
                                  "inTable": "users",
                                  "referenceType": "integer",
                                  "onUpdate": "CASCADE",
                                  "onDelete": "CASCADE"
                                }
                              },
                              "operation": "="
                            }
                          ],
                          "conditional": "{{$_POST.assigned_to}}"
                        },
                        {
                          "condition": "AND",
                          "rules": [
                            {
                              "id": "leads.id",
                              "field": "leads.id",
                              "type": "double",
                              "operator": "in",
                              "value": "{{$_POST.id}}",
                              "data": {
                                "table": "leads",
                                "column": "id",
                                "type": "number",
                                "columnObj": {
                                  "type": "increments",
                                  "primary": true,
                                  "nullable": false,
                                  "name": "id"
                                }
                              },
                              "operation": "IN"
                            }
                          ],
                          "conditional": "{{$_POST.id}}"
                        },
                        {
                          "condition": "AND",
                          "rules": [
                            {
                              "id": "lead_review_tag.review_tag_id",
                              "field": "lead_review_tag.review_tag_id",
                              "type": "string",
                              "operator": "equal",
                              "value": "{{$_POST.review_tag_id}}",
                              "data": {
                                "table": "lead_review_tag",
                                "column": "review_tag_id",
                                "type": "text",
                                "columnObj": {
                                  "type": "string",
                                  "default": "",
                                  "maxLength": 255,
                                  "primary": false,
                                  "nullable": true,
                                  "name": "review_tag_id"
                                }
                              },
                              "operation": "="
                            }
                          ],
                          "conditional": "{{$_POST.review_tag_id}}"
                        },
                        {
                          "condition": "AND",
                          "rules": [
                            {
                              "id": "leads.date",
                              "field": "leads.date",
                              "type": "datetime",
                              "operator": "between",
                              "value": [
                                "{{$_POST.date_from}}",
                                "{{$_POST.date_to}}"
                              ],
                              "data": {
                                "table": "leads",
                                "column": "date",
                                "type": "datetime",
                                "columnObj": {
                                  "type": "datetime",
                                  "default": "",
                                  "primary": false,
                                  "nullable": true,
                                  "name": "date"
                                }
                              },
                              "operation": "BETWEEN"
                            }
                          ],
                          "conditional": "{{$_POST.date_from&&$_POST.date_to}}"
                        }
                      ],
                      "conditional": "{{$_POST.project_id+','+$_POST.project_id}}",
                      "valid": true
                    }
                  }
                },
                "meta": [
                  {
                    "name": "offset",
                    "type": "number"
                  },
                  {
                    "name": "limit",
                    "type": "number"
                  },
                  {
                    "name": "total",
                    "type": "number"
                  },
                  {
                    "name": "page",
                    "type": "object",
                    "sub": [
                      {
                        "name": "offset",
                        "type": "object",
                        "sub": [
                          {
                            "name": "first",
                            "type": "number"
                          },
                          {
                            "name": "prev",
                            "type": "number"
                          },
                          {
                            "name": "next",
                            "type": "number"
                          },
                          {
                            "name": "last",
                            "type": "number"
                          }
                        ]
                      },
                      {
                        "name": "current",
                        "type": "number"
                      },
                      {
                        "name": "total",
                        "type": "number"
                      }
                    ]
                  },
                  {
                    "name": "data",
                    "type": "array",
                    "sub": [
                      {
                        "type": "number",
                        "name": "id"
                      },
                      {
                        "type": "number",
                        "name": "response_id"
                      },
                      {
                        "type": "datetime",
                        "name": "date"
                      },
                      {
                        "type": "text",
                        "name": "student_status"
                      },
                      {
                        "type": "text",
                        "name": "adsource"
                      },
                      {
                        "type": "text",
                        "name": "adsource"
                      },
                      {
                        "type": "text",
                        "name": "source_project"
                      },
                      {
                        "type": "text",
                        "name": "fname"
                      },
                      {
                        "type": "text",
                        "name": "lname"
                      },
                      {
                        "type": "text",
                        "name": "email"
                      },
                      {
                        "type": "text",
                        "name": "phone"
                      },
                      {
                        "type": "text",
                        "name": "address_place"
                      },
                      {
                        "type": "text",
                        "name": "address_street"
                      },
                      {
                        "type": "text",
                        "name": "address_city"
                      },
                      {
                        "type": "text",
                        "name": "address_state"
                      },
                      {
                        "type": "number",
                        "name": "address_zip"
                      },
                      {
                        "type": "number",
                        "name": "address_lati"
                      },
                      {
                        "type": "number",
                        "name": "address_longi"
                      },
                      {
                        "type": "text",
                        "name": "howheardsrc"
                      },
                      {
                        "type": "text",
                        "name": "prefcomms"
                      },
                      {
                        "type": "number",
                        "name": "ok2sms"
                      },
                      {
                        "type": "number",
                        "name": "notifysurv"
                      },
                      {
                        "type": "text",
                        "name": "camp_resident"
                      },
                      {
                        "type": "number",
                        "name": "dormitory"
                      },
                      {
                        "type": "text",
                        "name": "dormitory_other"
                      },
                      {
                        "type": "number",
                        "name": "married_spouse"
                      },
                      {
                        "type": "number",
                        "name": "other_rommate_nonttu"
                      },
                      {
                        "type": "number",
                        "name": "live_with_parents"
                      },
                      {
                        "type": "text",
                        "name": "applinks_pin"
                      },
                      {
                        "type": "number",
                        "name": "live_in_studyarea"
                      },
                      {
                        "type": "number",
                        "name": "hh_income"
                      },
                      {
                        "type": "number",
                        "name": "hh_size"
                      },
                      {
                        "type": "text",
                        "name": "lead_status"
                      },
                      {
                        "type": "datetime",
                        "name": "created_on"
                      },
                      {
                        "type": "number",
                        "name": "created_by"
                      },
                      {
                        "type": "datetime",
                        "name": "updated_on"
                      },
                      {
                        "type": "number",
                        "name": "updated_by"
                      },
                      {
                        "type": "text",
                        "name": "assign_to_user"
                      },
                      {
                        "type": "text",
                        "name": "project_name"
                      },
                      {
                        "type": "number",
                        "name": "assigned_to"
                      },
                      {
                        "type": "number",
                        "name": "project_id"
                      },
                      {
                        "type": "text",
                        "name": "review_tag_id"
                      }
                    ]
                  }
                ],
                "outputType": "object"
              },
              {
                "name": "dbtranscommit",
                "module": "core",
                "action": "exec",
                "options": {
                  "exec": "db/transactionCommit"
                }
              },
              {
                "name": "result",
                "module": "core",
                "action": "setvalue",
                "options": {
                  "key": "result",
                  "value": true
                },
                "meta": [],
                "outputType": "text",
                "output": true
              },
              {
                "name": "data",
                "module": "core",
                "action": "setvalue",
                "options": {
                  "key": "data",
                  "value": "{{query}}"
                },
                "meta": [
                  {
                    "name": "offset",
                    "type": "number"
                  },
                  {
                    "name": "limit",
                    "type": "number"
                  },
                  {
                    "name": "total",
                    "type": "number"
                  },
                  {
                    "name": "page",
                    "type": "object",
                    "sub": [
                      {
                        "name": "offset",
                        "type": "object",
                        "sub": [
                          {
                            "name": "first",
                            "type": "number"
                          },
                          {
                            "name": "prev",
                            "type": "number"
                          },
                          {
                            "name": "next",
                            "type": "number"
                          },
                          {
                            "name": "last",
                            "type": "number"
                          }
                        ]
                      },
                      {
                        "name": "current",
                        "type": "number"
                      },
                      {
                        "name": "total",
                        "type": "number"
                      }
                    ]
                  },
                  {
                    "name": "data",
                    "type": "array",
                    "sub": [
                      {
                        "name": "id",
                        "type": "number"
                      },
                      {
                        "name": "response_id",
                        "type": "number"
                      },
                      {
                        "name": "date",
                        "type": "datetime"
                      },
                      {
                        "name": "student_status",
                        "type": "text"
                      },
                      {
                        "name": "adsource",
                        "type": "text"
                      },
                      {
                        "name": "adsource",
                        "type": "text"
                      },
                      {
                        "name": "source_project",
                        "type": "text"
                      },
                      {
                        "name": "fname",
                        "type": "text"
                      },
                      {
                        "name": "lname",
                        "type": "text"
                      },
                      {
                        "name": "email",
                        "type": "text"
                      },
                      {
                        "name": "phone",
                        "type": "text"
                      },
                      {
                        "name": "address_place",
                        "type": "text"
                      },
                      {
                        "name": "address_street",
                        "type": "text"
                      },
                      {
                        "name": "address_city",
                        "type": "text"
                      },
                      {
                        "name": "address_state",
                        "type": "text"
                      },
                      {
                        "name": "address_zip",
                        "type": "number"
                      },
                      {
                        "name": "address_lati",
                        "type": "number"
                      },
                      {
                        "name": "address_longi",
                        "type": "number"
                      },
                      {
                        "name": "howheardsrc",
                        "type": "text"
                      },
                      {
                        "name": "prefcomms",
                        "type": "text"
                      },
                      {
                        "name": "ok2sms",
                        "type": "number"
                      },
                      {
                        "name": "notifysurv",
                        "type": "number"
                      },
                      {
                        "name": "camp_resident",
                        "type": "text"
                      },
                      {
                        "name": "dormitory",
                        "type": "number"
                      },
                      {
                        "name": "dormitory_other",
                        "type": "text"
                      },
                      {
                        "name": "married_spouse",
                        "type": "number"
                      },
                      {
                        "name": "other_rommate_nonttu",
                        "type": "number"
                      },
                      {
                        "name": "live_with_parents",
                        "type": "number"
                      },
                      {
                        "name": "applinks_pin",
                        "type": "text"
                      },
                      {
                        "name": "live_in_studyarea",
                        "type": "number"
                      },
                      {
                        "name": "hh_income",
                        "type": "number"
                      },
                      {
                        "name": "hh_size",
                        "type": "number"
                      },
                      {
                        "name": "lead_status",
                        "type": "text"
                      },
                      {
                        "name": "created_on",
                        "type": "datetime"
                      },
                      {
                        "name": "created_by",
                        "type": "number"
                      },
                      {
                        "name": "updated_on",
                        "type": "datetime"
                      },
                      {
                        "name": "updated_by",
                        "type": "number"
                      },
                      {
                        "name": "assign_to_user",
                        "type": "text"
                      },
                      {
                        "name": "project_name",
                        "type": "text"
                      },
                      {
                        "name": "assigned_to",
                        "type": "number"
                      },
                      {
                        "name": "project_id",
                        "type": "number"
                      },
                      {
                        "name": "review_tag_id",
                        "type": "text"
                      }
                    ]
                  }
                ],
                "outputType": "text",
                "output": true
              }
            ]
          },
          "catch": {
            "steps": [
              {
                "name": "dbtransrollback",
                "module": "core",
                "action": "exec",
                "options": {
                  "exec": "db/transactionRollback"
                }
              },
              {
                "name": "result",
                "module": "core",
                "action": "setvalue",
                "options": {
                  "key": "result",
                  "value": false
                },
                "meta": [],
                "outputType": "text",
                "output": true
              },
              {
                "name": "message",
                "module": "core",
                "action": "setvalue",
                "options": {
                  "key": "message",
                  "value": "{{$_ERROR}}"
                },
                "meta": [],
                "outputType": "text",
                "output": true
              }
            ]
          }
        }
      }
    ]
  }
}