{
  "meta": {
    "$_GET": [
      {
        "type": "text",
        "name": "phone"
      },
      {
        "type": "text",
        "name": "sort"
      },
      {
        "type": "text",
        "name": "dir"
      }
    ]
  },
  "exec": {
    "steps": [
      {
        "name": "jwtVerify",
        "module": "core",
        "action": "exec",
        "options": {
          "exec": "jwtVerify",
          "params": {
            "token": "{{$_SERVER.HTTP_AUTHORIZATION}}"
          }
        }
      },
      {
        "name": "",
        "module": "core",
        "action": "trycatch",
        "options": {
          "try": {
            "steps": [
              {
                "name": "phone",
                "module": "core",
                "action": "setvalue",
                "options": {
                  "key": "phone",
                  "value": "{{$_GET.phone.substr(-10, 10)}}"
                },
                "meta": [],
                "outputType": "text"
              },
              {
                "name": "data",
                "module": "dbconnector",
                "action": "select",
                "options": {
                  "connection": "appdb01",
                  "sql": {
                    "type": "select",
                    "columns": [
                      {
                        "table": "leads",
                        "column": "id",
                        "alias": "etcid"
                      },
                      {
                        "table": "leads",
                        "column": "fname"
                      },
                      {
                        "table": "leads",
                        "column": "lname"
                      },
                      {
                        "table": "leads",
                        "column": "email"
                      },
                      {
                        "table": "leads",
                        "column": "phone"
                      },
                      {
                        "table": "leads",
                        "column": "applinks_pin"
                      },
                      {
                        "table": "leads",
                        "column": "address_place"
                      },
                      {
                        "table": "leads",
                        "column": "address_street"
                      },
                      {
                        "table": "leads",
                        "column": "address_city"
                      },
                      {
                        "table": "leads",
                        "column": "address_state"
                      },
                      {
                        "table": "leads",
                        "column": "address_zip"
                      }
                    ],
                    "params": [
                      {
                        "operator": "contains",
                        "type": "expression",
                        "name": ":P1",
                        "value": "{{phone}}",
                        "test": ""
                      }
                    ],
                    "table": {
                      "name": "leads"
                    },
                    "primary": "id",
                    "joins": [],
                    "wheres": {
                      "condition": "AND",
                      "rules": [
                        {
                          "id": "leads.phone",
                          "field": "leads.phone",
                          "type": "string",
                          "operator": "contains",
                          "value": "{{phone}}",
                          "data": {
                            "table": "leads",
                            "column": "phone",
                            "type": "text",
                            "columnObj": {
                              "type": "string",
                              "default": "",
                              "maxLength": 100,
                              "primary": false,
                              "nullable": true,
                              "name": "phone"
                            }
                          },
                          "operation": "LIKE"
                        }
                      ],
                      "conditional": null,
                      "valid": true
                    },
                    "query": "select `id` as `etcid`, `fname`, `lname`, `email`, `phone`, `applinks_pin`, `address_place`, `address_street`, `address_city`, `address_state`, `address_zip` from `leads` where `leads`.`phone` like ?"
                  }
                },
                "meta": [
                  {
                    "type": "number",
                    "name": "etcid"
                  },
                  {
                    "type": "text",
                    "name": "fname"
                  },
                  {
                    "type": "text",
                    "name": "lname"
                  },
                  {
                    "type": "text",
                    "name": "email"
                  },
                  {
                    "type": "text",
                    "name": "phone"
                  },
                  {
                    "type": "text",
                    "name": "applinks_pin"
                  },
                  {
                    "type": "text",
                    "name": "address_place"
                  },
                  {
                    "type": "text",
                    "name": "address_street"
                  },
                  {
                    "type": "text",
                    "name": "address_city"
                  },
                  {
                    "type": "text",
                    "name": "address_state"
                  },
                  {
                    "type": "number",
                    "name": "address_zip"
                  }
                ],
                "outputType": "array",
                "output": true
              },
              {
                "name": "result",
                "module": "core",
                "action": "setvalue",
                "options": {
                  "key": "result",
                  "value": true
                },
                "meta": [],
                "output": true,
                "outputType": "text"
              }
            ]
          },
          "catch": {
            "steps": [
              {
                "name": "result",
                "module": "core",
                "action": "setvalue",
                "options": {
                  "key": "result",
                  "value": false
                },
                "meta": [],
                "outputType": "text",
                "output": true
              },
              {
                "name": "message",
                "module": "core",
                "action": "setvalue",
                "options": {
                  "key": "message",
                  "value": "{{$_ERROR}}"
                },
                "meta": [],
                "outputType": "text",
                "output": true
              }
            ]
          }
        }
      }
    ]
  }
}