{
  "meta": {
    "$_POST": [
      {
        "type": "number",
        "name": "response_id"
      },
      {
        "type": "datetime",
        "name": "date"
      },
      {
        "type": "text",
        "name": "adsource"
      },
      {
        "type": "number",
        "name": "student_status"
      },
      {
        "type": "text",
        "name": "source_project"
      },
      {
        "type": "text",
        "name": "fname"
      },
      {
        "type": "array",
        "name": "lname"
      },
      {
        "type": "text",
        "name": "email"
      },
      {
        "type": "text",
        "name": "phone"
      },
      {
        "type": "text",
        "name": "address_place"
      },
      {
        "type": "text",
        "name": "address_street"
      },
      {
        "type": "text",
        "name": "address_city"
      },
      {
        "type": "text",
        "name": "address_state"
      },
      {
        "type": "number",
        "name": "address_zip"
      },
      {
        "type": "number",
        "name": "address_lati"
      },
      {
        "type": "number",
        "name": "address_longi"
      },
      {
        "type": "text",
        "name": "howheardsrc"
      },
      {
        "type": "text",
        "name": "prefcomms"
      },
      {
        "type": "number",
        "name": "ok2sms"
      },
      {
        "type": "number",
        "name": "notifysurv"
      },
      {
        "type": "number",
        "name": "project_id"
      },
      {
        "type": "text",
        "name": "camp_resident"
      },
      {
        "type": "number",
        "name": "dormitory"
      },
      {
        "type": "text",
        "name": "dormitory_other"
      },
      {
        "type": "number",
        "name": "married_spouse"
      },
      {
        "type": "number",
        "name": "other_rommate_nonttu"
      },
      {
        "type": "number",
        "name": "live_with_parents"
      },
      {
        "type": "text",
        "name": "applinks_pin"
      },
      {
        "type": "number",
        "name": "live_in_studyarea"
      },
      {
        "type": "number",
        "name": "hh_income"
      },
      {
        "type": "number",
        "name": "hh_size"
      },
      {
        "type": "number",
        "name": "assigned_to"
      },
      {
        "type": "number",
        "name": "lead_status"
      },
      {
        "type": "datetime",
        "name": "created_on"
      },
      {
        "type": "number",
        "name": "created_by"
      },
      {
        "type": "datetime",
        "name": "updated_on"
      },
      {
        "type": "number",
        "name": "updated_by"
      },
      {
        "type": "array",
        "name": "id"
      },
      {
        "type": "text",
        "name": "review_tags"
      },
      {
        "type": "array",
        "name": "record",
        "sub": [
          {
            "type": "text",
            "name": "id"
          },
          {
            "type": "text",
            "name": "$index"
          },
          {
            "type": "text",
            "name": "$_POST"
          },
          {
            "type": "text",
            "name": "$value"
          },
          {
            "type": "text",
            "name": "leadid"
          }
        ]
      },
      {
        "type": "text",
        "name": "lead_type"
      },
      {
        "type": "number",
        "name": "lead_action_id"
      },
      {
        "type": "text",
        "name": "action_note"
      },
      {
        "type": "number",
        "name": "batch_id"
      },
      {
        "type": "number",
        "name": "assign_to"
      },
      {
        "type": "number",
        "name": "lead_id"
      }
    ]
  },
  "exec": {
    "steps": [
      {
        "name": "",
        "module": "core",
        "action": "condition",
        "options": {
          "if": "{{$_ENV.ENV=='\\'dev\\''}}",
          "then": {
            "steps": {
              "name": "wait",
              "module": "core",
              "action": "wait",
              "options": {
                "delay": 3000
              }
            }
          }
        },
        "outputType": "boolean"
      },
      {
        "name": "",
        "module": "core",
        "action": "trycatch",
        "options": {
          "try": {
            "steps": [
              {
                "name": "validate",
                "module": "validator",
                "action": "validate",
                "options": {
                  "data": [
                    {
                      "name": "validate_1",
                      "value": "{{$_POST.id}}",
                      "rules": {
                        "core:required": {}
                      }
                    }
                  ]
                }
              },
              {
                "name": "dbtransstart",
                "module": "core",
                "action": "exec",
                "options": {
                  "exec": "db/transactionStart"
                }
              },
              {
                "name": "update",
                "module": "dbupdater",
                "action": "update",
                "options": {
                  "connection": "appdb01",
                  "sql": {
                    "type": "update",
                    "values": [
                      {
                        "table": "leads",
                        "column": "response_id",
                        "type": "number",
                        "value": "{{$_POST.response_id}}"
                      },
                      {
                        "table": "leads",
                        "column": "date",
                        "type": "datetime",
                        "value": "{{$_POST.date}}"
                      },
                      {
                        "table": "leads",
                        "column": "adsource",
                        "type": "text",
                        "value": "{{$_POST.adsource}}"
                      },
                      {
                        "table": "leads",
                        "column": "student_status",
                        "type": "number",
                        "value": "{{$_POST.student_status}}"
                      },
                      {
                        "table": "leads",
                        "column": "source_project",
                        "type": "text",
                        "value": "{{$_POST.source_project}}"
                      },
                      {
                        "table": "leads",
                        "column": "fname",
                        "type": "text",
                        "value": "{{$_POST.fname}}"
                      },
                      {
                        "table": "leads",
                        "column": "lname",
                        "type": "text",
                        "value": "{{$_POST.lname}}"
                      },
                      {
                        "table": "leads",
                        "column": "email",
                        "type": "text",
                        "value": "{{$_POST.email}}"
                      },
                      {
                        "table": "leads",
                        "column": "phone",
                        "type": "text",
                        "value": "{{$_POST.phone}}"
                      },
                      {
                        "table": "leads",
                        "column": "address_place",
                        "type": "text",
                        "value": "{{$_POST.address_place}}"
                      },
                      {
                        "table": "leads",
                        "column": "address_street",
                        "type": "text",
                        "value": "{{$_POST.address_street}}"
                      },
                      {
                        "table": "leads",
                        "column": "address_city",
                        "type": "text",
                        "value": "{{$_POST.address_city}}"
                      },
                      {
                        "table": "leads",
                        "column": "address_state",
                        "type": "text",
                        "value": "{{$_POST.address_state}}"
                      },
                      {
                        "table": "leads",
                        "column": "address_zip",
                        "type": "number",
                        "value": "{{$_POST.address_zip}}"
                      },
                      {
                        "table": "leads",
                        "column": "address_lati",
                        "type": "number",
                        "value": "{{$_POST.address_lati}}"
                      },
                      {
                        "table": "leads",
                        "column": "address_longi",
                        "type": "number",
                        "value": "{{$_POST.address_longi}}"
                      },
                      {
                        "table": "leads",
                        "column": "howheardsrc",
                        "type": "text",
                        "value": "{{$_POST.howheardsrc}}"
                      },
                      {
                        "table": "leads",
                        "column": "prefcomms",
                        "type": "text",
                        "value": "{{$_POST.prefcomms}}"
                      },
                      {
                        "table": "leads",
                        "column": "ok2sms",
                        "type": "number",
                        "value": "{{$_POST.ok2sms}}"
                      },
                      {
                        "table": "leads",
                        "column": "notifysurv",
                        "type": "number",
                        "value": "{{$_POST.notifysurv}}"
                      },
                      {
                        "table": "leads",
                        "column": "project_id",
                        "type": "number",
                        "value": "{{$_POST.project_id}}"
                      },
                      {
                        "table": "leads",
                        "column": "camp_resident",
                        "type": "text",
                        "value": "{{$_POST.camp_resident}}"
                      },
                      {
                        "table": "leads",
                        "column": "dormitory",
                        "type": "number",
                        "value": "{{$_POST.dormitory}}"
                      },
                      {
                        "table": "leads",
                        "column": "dormitory_other",
                        "type": "text",
                        "value": "{{$_POST.dormitory_other}}"
                      },
                      {
                        "table": "leads",
                        "column": "married_spouse",
                        "type": "number",
                        "value": "{{$_POST.married_spouse}}"
                      },
                      {
                        "table": "leads",
                        "column": "other_rommate_nonttu",
                        "type": "number",
                        "value": "{{$_POST.other_rommate_nonttu}}"
                      },
                      {
                        "table": "leads",
                        "column": "live_with_parents",
                        "type": "number",
                        "value": "{{$_POST.live_with_parents}}"
                      },
                      {
                        "table": "leads",
                        "column": "applinks_pin",
                        "type": "text",
                        "value": "{{$_POST.applinks_pin}}"
                      },
                      {
                        "table": "leads",
                        "column": "live_in_studyarea",
                        "type": "number",
                        "value": "{{$_POST.live_in_studyarea}}"
                      },
                      {
                        "table": "leads",
                        "column": "hh_income",
                        "type": "number",
                        "value": "{{$_POST.hh_income}}"
                      },
                      {
                        "table": "leads",
                        "column": "hh_size",
                        "type": "number",
                        "value": "{{$_POST.hh_size}}"
                      },
                      {
                        "table": "leads",
                        "column": "assigned_to",
                        "type": "number",
                        "value": "{{$_POST.assigned_to}}"
                      },
                      {
                        "table": "leads",
                        "column": "lead_status",
                        "type": "number",
                        "value": "{{$_POST.lead_status}}"
                      },
                      {
                        "table": "leads",
                        "column": "created_on",
                        "type": "datetime",
                        "value": "{{$_POST.created_on}}"
                      },
                      {
                        "table": "leads",
                        "column": "created_by",
                        "type": "number",
                        "value": "{{$_POST.created_by}}"
                      },
                      {
                        "table": "leads",
                        "column": "updated_on",
                        "type": "datetime",
                        "value": "{{$_POST.updated_on}}"
                      },
                      {
                        "table": "leads",
                        "column": "updated_by",
                        "type": "number",
                        "value": "{{$_POST.updated_by}}"
                      }
                    ],
                    "table": "leads",
                    "wheres": {
                      "condition": "AND",
                      "rules": [
                        {
                          "id": "id",
                          "field": "id",
                          "type": "double",
                          "operator": "in",
                          "value": "{{$_POST.id}}",
                          "data": {
                            "column": "id"
                          },
                          "operation": "IN"
                        }
                      ],
                      "conditional": null,
                      "valid": true
                    },
                    "returning": "id",
                    "query": "update `leads` set `response_id` = ?, `date` = ?, `adsource` = ?, `student_status` = ?, `source_project` = ?, `fname` = ?, `lname` = ?, `email` = ?, `phone` = ?, `address_place` = ?, `address_street` = ?, `address_city` = ?, `address_state` = ?, `address_zip` = ?, `address_lati` = ?, `address_longi` = ?, `howheardsrc` = ?, `prefcomms` = ?, `ok2sms` = ?, `notifysurv` = ?, `project_id` = ?, `camp_resident` = ?, `dormitory` = ?, `dormitory_other` = ?, `married_spouse` = ?, `other_rommate_nonttu` = ?, `live_with_parents` = ?, `applinks_pin` = ?, `live_in_studyarea` = ?, `hh_income` = ?, `hh_size` = ?, `assigned_to` = ?, `lead_status` = ?, `created_on` = ?, `created_by` = ?, `updated_on` = ?, `updated_by` = ? where `id` in ?",
                    "params": [
                      {
                        "name": ":P1",
                        "type": "expression",
                        "value": "{{$_POST.response_id}}",
                        "test": ""
                      },
                      {
                        "name": ":P2",
                        "type": "expression",
                        "value": "{{$_POST.date}}",
                        "test": ""
                      },
                      {
                        "name": ":P3",
                        "type": "expression",
                        "value": "{{$_POST.adsource}}",
                        "test": ""
                      },
                      {
                        "name": ":P4",
                        "type": "expression",
                        "value": "{{$_POST.student_status}}",
                        "test": ""
                      },
                      {
                        "name": ":P5",
                        "type": "expression",
                        "value": "{{$_POST.source_project}}",
                        "test": ""
                      },
                      {
                        "name": ":P6",
                        "type": "expression",
                        "value": "{{$_POST.fname}}",
                        "test": ""
                      },
                      {
                        "name": ":P7",
                        "type": "expression",
                        "value": "{{$_POST.lname}}",
                        "test": ""
                      },
                      {
                        "name": ":P8",
                        "type": "expression",
                        "value": "{{$_POST.email}}",
                        "test": ""
                      },
                      {
                        "name": ":P9",
                        "type": "expression",
                        "value": "{{$_POST.phone}}",
                        "test": ""
                      },
                      {
                        "name": ":P10",
                        "type": "expression",
                        "value": "{{$_POST.address_place}}",
                        "test": ""
                      },
                      {
                        "name": ":P11",
                        "type": "expression",
                        "value": "{{$_POST.address_street}}",
                        "test": ""
                      },
                      {
                        "name": ":P12",
                        "type": "expression",
                        "value": "{{$_POST.address_city}}",
                        "test": ""
                      },
                      {
                        "name": ":P13",
                        "type": "expression",
                        "value": "{{$_POST.address_state}}",
                        "test": ""
                      },
                      {
                        "name": ":P14",
                        "type": "expression",
                        "value": "{{$_POST.address_zip}}",
                        "test": ""
                      },
                      {
                        "name": ":P15",
                        "type": "expression",
                        "value": "{{$_POST.address_lati}}",
                        "test": ""
                      },
                      {
                        "name": ":P16",
                        "type": "expression",
                        "value": "{{$_POST.address_longi}}",
                        "test": ""
                      },
                      {
                        "name": ":P17",
                        "type": "expression",
                        "value": "{{$_POST.howheardsrc}}",
                        "test": ""
                      },
                      {
                        "name": ":P18",
                        "type": "expression",
                        "value": "{{$_POST.prefcomms}}",
                        "test": ""
                      },
                      {
                        "name": ":P19",
                        "type": "expression",
                        "value": "{{$_POST.ok2sms}}",
                        "test": ""
                      },
                      {
                        "name": ":P20",
                        "type": "expression",
                        "value": "{{$_POST.notifysurv}}",
                        "test": ""
                      },
                      {
                        "name": ":P21",
                        "type": "expression",
                        "value": "{{$_POST.project_id}}",
                        "test": ""
                      },
                      {
                        "name": ":P22",
                        "type": "expression",
                        "value": "{{$_POST.camp_resident}}",
                        "test": ""
                      },
                      {
                        "name": ":P23",
                        "type": "expression",
                        "value": "{{$_POST.dormitory}}",
                        "test": ""
                      },
                      {
                        "name": ":P24",
                        "type": "expression",
                        "value": "{{$_POST.dormitory_other}}",
                        "test": ""
                      },
                      {
                        "name": ":P25",
                        "type": "expression",
                        "value": "{{$_POST.married_spouse}}",
                        "test": ""
                      },
                      {
                        "name": ":P26",
                        "type": "expression",
                        "value": "{{$_POST.other_rommate_nonttu}}",
                        "test": ""
                      },
                      {
                        "name": ":P27",
                        "type": "expression",
                        "value": "{{$_POST.live_with_parents}}",
                        "test": ""
                      },
                      {
                        "name": ":P28",
                        "type": "expression",
                        "value": "{{$_POST.applinks_pin}}",
                        "test": ""
                      },
                      {
                        "name": ":P29",
                        "type": "expression",
                        "value": "{{$_POST.live_in_studyarea}}",
                        "test": ""
                      },
                      {
                        "name": ":P30",
                        "type": "expression",
                        "value": "{{$_POST.hh_income}}",
                        "test": ""
                      },
                      {
                        "name": ":P31",
                        "type": "expression",
                        "value": "{{$_POST.hh_size}}",
                        "test": ""
                      },
                      {
                        "name": ":P32",
                        "type": "expression",
                        "value": "{{$_POST.assigned_to}}",
                        "test": ""
                      },
                      {
                        "name": ":P33",
                        "type": "expression",
                        "value": "{{$_POST.lead_status}}",
                        "test": ""
                      },
                      {
                        "name": ":P34",
                        "type": "expression",
                        "value": "{{$_POST.created_on}}",
                        "test": ""
                      },
                      {
                        "name": ":P35",
                        "type": "expression",
                        "value": "{{$_POST.created_by}}",
                        "test": ""
                      },
                      {
                        "name": ":P36",
                        "type": "expression",
                        "value": "{{$_POST.updated_on}}",
                        "test": ""
                      },
                      {
                        "name": ":P37",
                        "type": "expression",
                        "value": "{{$_POST.updated_by}}",
                        "test": ""
                      }
                    ]
                  }
                },
                "meta": [
                  {
                    "name": "affected",
                    "type": "number"
                  }
                ]
              },
              {
                "name": "",
                "module": "core",
                "action": "condition",
                "options": {
                  "if": "{{$_POST.review_tags}}",
                  "then": {
                    "steps": [
                      {
                        "name": "delete",
                        "module": "dbupdater",
                        "action": "delete",
                        "options": {
                          "connection": "appdb01",
                          "sql": {
                            "type": "delete",
                            "table": "lead_review_tag",
                            "wheres": {
                              "condition": "AND",
                              "rules": [
                                {
                                  "id": "lead_id",
                                  "field": "lead_id",
                                  "type": "double",
                                  "operator": "in",
                                  "value": "{{$_POST.id}}",
                                  "data": {
                                    "column": "lead_id"
                                  },
                                  "operation": "IN"
                                }
                              ],
                              "conditional": null,
                              "valid": true
                            },
                            "returning": "lead_review_tag_id",
                            "query": "delete from `lead_review_tag` where `lead_id` in ?",
                            "params": []
                          }
                        },
                        "meta": [
                          {
                            "name": "affected",
                            "type": "number"
                          }
                        ]
                      },
                      {
                        "name": "repeatleadids",
                        "module": "core",
                        "action": "repeat",
                        "options": {
                          "repeat": "{{$_POST.id}}",
                          "outputFields": [],
                          "exec": {
                            "steps": [
                              {
                                "name": "leadid",
                                "module": "core",
                                "action": "setvalue",
                                "options": {
                                  "key": "leadid",
                                  "value": "{{$value}}"
                                },
                                "meta": [],
                                "outputType": "text"
                              },
                              {
                                "name": "repeat",
                                "module": "core",
                                "action": "repeat",
                                "options": {
                                  "repeat": "{{$_POST.review_tags}}",
                                  "outputFields": [],
                                  "exec": {
                                    "steps": {
                                      "name": "insert",
                                      "module": "dbupdater",
                                      "action": "insert",
                                      "options": {
                                        "connection": "appdb01",
                                        "sql": {
                                          "type": "insert",
                                          "values": [
                                            {
                                              "table": "lead_review_tag",
                                              "column": "review_tag_id",
                                              "type": "text",
                                              "value": "{{$value}}"
                                            },
                                            {
                                              "table": "lead_review_tag",
                                              "column": "lead_id",
                                              "type": "text",
                                              "value": "{{leadid}}"
                                            },
                                            {
                                              "table": "lead_review_tag",
                                              "column": "created_by",
                                              "type": "text",
                                              "value": "{{$_POST.created_by}}"
                                            }
                                          ],
                                          "table": "lead_review_tag",
                                          "query": "insert into `lead_review_tag` (`created_by`, `lead_id`, `review_tag_id`) values (?, ?, ?)",
                                          "params": [
                                            {
                                              "name": ":P1",
                                              "type": "expression",
                                              "value": "{{$value}}",
                                              "test": ""
                                            },
                                            {
                                              "name": ":P2",
                                              "type": "expression",
                                              "value": "{{leadid}}",
                                              "test": ""
                                            },
                                            {
                                              "name": ":P3",
                                              "type": "expression",
                                              "value": "{{$_POST.created_by}}",
                                              "test": ""
                                            }
                                          ],
                                          "returning": "lead_review_tag_id"
                                        }
                                      },
                                      "meta": [
                                        {
                                          "name": "identity",
                                          "type": "text"
                                        },
                                        {
                                          "name": "affected",
                                          "type": "number"
                                        }
                                      ]
                                    }
                                  }
                                },
                                "meta": [
                                  {
                                    "name": "$index",
                                    "type": "number"
                                  },
                                  {
                                    "name": "$number",
                                    "type": "number"
                                  },
                                  {
                                    "name": "$name",
                                    "type": "text"
                                  },
                                  {
                                    "name": "$value",
                                    "type": "object"
                                  }
                                ],
                                "outputType": "array"
                              }
                            ]
                          }
                        },
                        "meta": [
                          {
                            "name": "$index",
                            "type": "number"
                          },
                          {
                            "name": "$number",
                            "type": "number"
                          },
                          {
                            "name": "$name",
                            "type": "text"
                          },
                          {
                            "name": "$value",
                            "type": "object"
                          }
                        ],
                        "outputType": "array"
                      }
                    ]
                  }
                },
                "outputType": "boolean"
              },
              {
                "name": "repeat_copy",
                "module": "core",
                "action": "repeat",
                "options": {
                  "repeat": "{{$_POST.id}}",
                  "outputFields": [],
                  "exec": {
                    "steps": {
                      "name": "inserthistory",
                      "module": "dbupdater",
                      "action": "insert",
                      "options": {
                        "connection": "appdb01",
                        "sql": {
                          "type": "insert",
                          "values": [
                            {
                              "table": "history_actions",
                              "column": "lead_id",
                              "type": "number",
                              "value": "{{$value}}"
                            },
                            {
                              "table": "history_actions",
                              "column": "lead_type",
                              "type": "text",
                              "value": "{{$_POST.lead_type}}"
                            },
                            {
                              "table": "history_actions",
                              "column": "lead_action_id",
                              "type": "number",
                              "value": "{{$_POST.lead_action_id}}"
                            },
                            {
                              "table": "history_actions",
                              "column": "lead_status",
                              "type": "number",
                              "value": "{{$_POST.lead_status}}"
                            },
                            {
                              "table": "history_actions",
                              "column": "action_note",
                              "type": "text",
                              "value": "{{$_POST.action_note}}"
                            },
                            {
                              "table": "history_actions",
                              "column": "batch_id",
                              "type": "number",
                              "value": "{{$_POST.batch_id}}"
                            },
                            {
                              "table": "history_actions",
                              "column": "project_id",
                              "type": "number",
                              "value": "{{$_POST.project_id}}"
                            },
                            {
                              "table": "history_actions",
                              "column": "assign_to",
                              "type": "number",
                              "value": "{{$_POST.assign_to}}"
                            },
                            {
                              "table": "history_actions",
                              "column": "created_by",
                              "type": "number",
                              "value": "{{$_POST.created_by}}"
                            }
                          ],
                          "table": "history_actions",
                          "returning": "history_id",
                          "query": "insert into `history_actions` (`action_note`, `assign_to`, `batch_id`, `created_by`, `lead_action_id`, `lead_id`, `lead_status`, `lead_type`, `project_id`) values (?, ?, ?, ?, ?, ?, ?, ?, ?)",
                          "params": [
                            {
                              "name": ":P1",
                              "type": "expression",
                              "value": "{{$value}}",
                              "test": ""
                            },
                            {
                              "name": ":P2",
                              "type": "expression",
                              "value": "{{$_POST.lead_type}}",
                              "test": ""
                            },
                            {
                              "name": ":P3",
                              "type": "expression",
                              "value": "{{$_POST.lead_action_id}}",
                              "test": ""
                            },
                            {
                              "name": ":P4",
                              "type": "expression",
                              "value": "{{$_POST.lead_status}}",
                              "test": ""
                            },
                            {
                              "name": ":P5",
                              "type": "expression",
                              "value": "{{$_POST.action_note}}",
                              "test": ""
                            },
                            {
                              "name": ":P6",
                              "type": "expression",
                              "value": "{{$_POST.batch_id}}",
                              "test": ""
                            },
                            {
                              "name": ":P7",
                              "type": "expression",
                              "value": "{{$_POST.project_id}}",
                              "test": ""
                            },
                            {
                              "name": ":P8",
                              "type": "expression",
                              "value": "{{$_POST.assign_to}}",
                              "test": ""
                            },
                            {
                              "name": ":P9",
                              "type": "expression",
                              "value": "{{$_POST.created_by}}",
                              "test": ""
                            }
                          ]
                        }
                      },
                      "meta": [
                        {
                          "name": "identity",
                          "type": "text"
                        },
                        {
                          "name": "affected",
                          "type": "number"
                        }
                      ]
                    }
                  }
                },
                "meta": [
                  {
                    "name": "$index",
                    "type": "number"
                  },
                  {
                    "name": "$number",
                    "type": "number"
                  },
                  {
                    "name": "$name",
                    "type": "text"
                  },
                  {
                    "name": "$value",
                    "type": "object"
                  }
                ],
                "outputType": "array"
              },
              {
                "name": "dbtranscommit",
                "module": "core",
                "action": "exec",
                "options": {
                  "exec": "db/transactionCommit"
                }
              },
              {
                "name": "result",
                "module": "core",
                "action": "setvalue",
                "options": {
                  "key": "result",
                  "value": true
                },
                "meta": [],
                "outputType": "text",
                "output": true
              },
              {
                "name": "message",
                "module": "core",
                "action": "setvalue",
                "options": {
                  "key": "message",
                  "value": "{{'Lead '+$_POST.id+' updated successfully'}}"
                },
                "meta": [],
                "outputType": "text",
                "output": true
              },
              {
                "name": "",
                "module": "core",
                "action": "condition",
                "options": {
                  "if": "{{update.affected<0}}",
                  "then": {
                    "steps": [
                      {
                        "name": "result",
                        "module": "core",
                        "action": "setvalue",
                        "options": {
                          "key": "result",
                          "value": true
                        },
                        "meta": [],
                        "outputType": "text",
                        "output": true
                      },
                      {
                        "name": "message",
                        "module": "core",
                        "action": "setvalue",
                        "options": {
                          "key": "message",
                          "value": "{{update.affected+'No Lead updated.'}}"
                        },
                        "meta": [
                          {
                            "name": "affected",
                            "type": "number"
                          }
                        ],
                        "outputType": "text",
                        "output": true
                      }
                    ]
                  }
                },
                "outputType": "boolean",
                "disabled": true
              }
            ]
          },
          "catch": {
            "steps": [
              {
                "name": "result",
                "module": "core",
                "action": "setvalue",
                "options": {
                  "key": "result",
                  "value": false
                },
                "meta": [],
                "outputType": "text",
                "output": true
              },
              {
                "name": "message",
                "module": "core",
                "action": "setvalue",
                "options": {
                  "key": "message",
                  "value": "{{$_ERROR}}"
                },
                "meta": [],
                "outputType": "text",
                "output": true
              }
            ]
          }
        }
      }
    ]
  }
}