{
  "meta": {
    "$_PARAM": [
      {
        "type": "text",
        "name": "userid"
      },
      {
        "type": "text",
        "name": "roleid"
      },
      {
        "type": "array",
        "name": "permissions"
      }
    ]
  },
  "exec": {
    "steps": {
      "name": "token",
      "module": "jwt",
      "action": "sign",
      "options": {
        "alg": "RS256",
        "iss": "etcinstitute.com",
        "sub": "User",
        "aud": "Public",
        "jti": "{{UUID}}",
        "key": "{{$_ENV.JWT_PVT}}",
        "claims": {
          "userid": "{{$_PARAM.userid}}",
          "roleid": "{{$_PARAM.roleid}}",
          "permissions": "{{$_PARAM.permissions}}"
        },
        "expiresIn": 2592000
      },
      "outputType": "text",
      "output": true
    }
  },
  "usedModules": {
    "jsonwebtoken": "^8.5.1"
  }
}