{
  "meta": {
    "$_PARAM": [
      {
        "type": "text",
        "name": "token"
      }
    ]
  },
  "exec": {
    "steps": [
      {
        "name": "verifytoken",
        "module": "jwt",
        "action": "verify",
        "options": {
          "token": "{{$_PARAM.token.replace('Bearer ', '')}}",
          "key": "{{$_ENV.JWT_PUB}}"
        },
        "outputType": "text",
        "output": true
      },
      {
        "name": "",
        "module": "core",
        "action": "condition",
        "options": {
          "if": "{{verifytoken.error}}",
          "then": {
            "steps": {
              "name": "",
              "module": "core",
              "action": "response",
              "options": {
                "status": 401,
                "data": "{{verifytoken.error}}"
              }
            }
          }
        },
        "outputType": "boolean"
      }
    ]
  },
  "usedModules": {
    "jsonwebtoken": "^8.5.1"
  }
}