{
  "name": "secure",
  "module": "auth",
  "action": "provider",
  "options": {
    "secret": "lf2PZ8kCFt3dLGV",
    "provider": "Database",
    "connection": "Login",
    "users": {
      "table": "main",
      "identity": "id",
      "username": "name",
      "password": "password"
    },
    "permissions": {
      "permissions": {
        "table": "main",
        "identity": "id",
        "conditions": [
          {
            "column": "role",
            "operator": "=",
            "value": "1"
          }
        ]
      }
    },
    "passwordVerify": true
  },
  "meta": [
    {
      "name": "identity",
      "type": "text"
    }
  ]
}