{
  "routes": [
    {
      "path": "/login",
      "page": "login",
      "layout": "login-layout"
    },
    {
      "path": "/admin/projects/list",
      "page": "admin/projects/list",
      "layout": "admin"
    },
    {
      "path": "/admin/projects/create",
      "page": "admin/projects/create",
      "layout": "admin"
    },
    {
      "path": "/admin/projects/update/:projectid",
      "page": "admin/projects/update",
      "layout": "admin"
    },
    {
      "path": "/admin/users/create",
      "page": "admin/users/create",
      "layout": "admin"
    },
    {
      "path": "/admin/users/list",
      "page": "admin/users/list",
      "layout": "admin"
    },
    {
      "path": "/admin/users/update/:id",
      "page": "admin/users/update",
      "layout": "admin"
    },
    {
      "path": "/admin/users/resetpassword/:id",
      "page": "admin/users/resetpassword",
      "layout": "admin"
    },
    {
      "path": "/admin/leads/create",
      "page": "admin/leads/create",
      "layout": "admin"
    },
    {
      "path": "/admin/leads/list",
      "page": "admin/leads/list",
      "layout": "admin"
    },
    {
      "path": "/admin/leads/update/:id",
      "page": "admin/leads/update",
      "layout": "admin"
    },
    {
      "path": "/admin/qualify/list",
      "page": "admin/qualify/list",
      "layout": "admin"
    },
    {
      "path": "/tests/etc-comps",
      "page": "tests/etc-comps",
      "layout": "admin"
    },
    {
      "path": "/admin/qualify/update",
      "page": "admin/qualify/update",
      "layout": "admin"
    },
    {
      "path": "/admin/qualify/verify-qualification",
      "page": "admin/qualify/verify-qualification",
      "layout": "admin"
    },
    {
      "path": "/admin/qualify/disqualification",
      "page": "admin/qualify/disqualification",
      "layout": "admin"
    },
    {
      "path": "/admin/qualify/success",
      "page": "admin/qualify/success",
      "layout": "admin"
    }
  ]
}